project,review_number,before_total_density_coarse_grained_smells,after_total_density_coarse_grained_smells,before_total_density_fine_grained_smells,after_total_density_fine_grained_smells,diff_density_coarse_grained_smells,diff_density_fine_grained_smells,impact_on_density_coarse_grained_smells,impact_on_density_fine_grained_smells
spymemcached,25_rev1,213,213,745,745,0,0,invariant,invariant
spymemcached,25_rev2,213,213,745,745,0,0,invariant,invariant
spymemcached,25_rev3,213,213,745,745,0,0,invariant,invariant
spymemcached,25_rev4,213,213,745,745,0,0,invariant,invariant
spymemcached,269_rev1,213,213,745,745,0,0,invariant,invariant
spymemcached,286_rev1,213,213,731,731,0,0,invariant,invariant
spymemcached,287_rev1,213,213,731,745,0,14,invariant,negative
spymemcached,288_rev1,213,213,745,745,0,0,invariant,invariant
spymemcached,289_rev1,213,213,745,745,0,0,invariant,invariant
spymemcached,290_rev1,213,213,745,745,0,0,invariant,invariant
spymemcached,292_rev1,213,213,745,745,0,0,invariant,invariant
spymemcached,292_rev2,213,213,745,745,0,0,invariant,invariant
spymemcached,416_rev1,213,213,745,745,0,0,invariant,invariant
spymemcached,561_rev1,213,213,745,746,0,1,invariant,negative
spymemcached,563_rev1,213,214,745,746,1,1,negative,negative
spymemcached,563_rev2,213,214,745,746,1,1,negative,negative
spymemcached,563_rev3,213,214,745,746,1,1,negative,negative
spymemcached,563_rev4,213,214,745,746,1,1,negative,negative
spymemcached,569_rev1,214,214,746,746,0,0,invariant,invariant
spymemcached,571_rev1,214,214,746,746,0,0,invariant,invariant
spymemcached,572_rev1,214,214,746,746,0,0,invariant,invariant
spymemcached,574_rev1,214,214,746,746,0,0,invariant,invariant
spymemcached,629_rev1,214,214,746,747,0,1,invariant,negative
spymemcached,630_rev1,214,214,746,747,0,1,invariant,negative
spymemcached,630_rev2,214,214,746,747,0,1,invariant,negative
spymemcached,630_rev3,213,213,745,746,0,1,invariant,negative
spymemcached,630_rev4,213,213,745,746,0,1,invariant,negative
spymemcached,630_rev5,213,213,745,746,0,1,invariant,negative
spymemcached,919_rev1,214,214,748,748,0,0,invariant,invariant
spymemcached,920_rev1,214,215,748,752,1,4,negative,negative
spymemcached,935_rev1,215,216,752,754,1,2,negative,negative
spymemcached,936_rev1,216,217,754,763,1,9,negative,negative
spymemcached,999_rev1,214,214,748,748,0,0,invariant,invariant
spymemcached,999_rev2,217,217,763,763,0,0,invariant,invariant
spymemcached,1228_rev1,217,217,763,763,0,0,invariant,invariant
spymemcached,2698_rev1,217,220,763,767,3,4,negative,negative
spymemcached,2699_rev1,220,226,767,776,6,9,negative,negative
spymemcached,2700_rev1,226,231,776,783,5,7,negative,negative
spymemcached,2701_rev1,231,234,783,787,3,4,negative,negative
spymemcached,2702_rev1,234,232,787,791,-2,4,positive,negative
spymemcached,2896_rev1,217,220,763,767,3,4,negative,negative
spymemcached,2897_rev1,220,226,767,776,6,9,negative,negative
spymemcached,2898_rev1,226,231,776,783,5,7,negative,negative
spymemcached,2899_rev1,231,234,783,787,3,4,negative,negative
spymemcached,2900_rev1,234,234,787,791,0,4,invariant,negative
spymemcached,2901_rev1,217,220,763,767,3,4,negative,negative
spymemcached,2902_rev1,220,226,767,776,6,9,negative,negative
spymemcached,2903_rev1,226,231,776,783,5,7,negative,negative
spymemcached,2904_rev1,231,234,783,787,3,4,negative,negative
spymemcached,2905_rev1,234,234,787,791,0,4,invariant,negative
spymemcached,2907_rev1,217,220,763,767,3,4,negative,negative
spymemcached,2908_rev1,220,226,767,776,6,9,negative,negative
spymemcached,2909_rev1,226,231,776,783,5,7,negative,negative
spymemcached,2910_rev1,231,234,783,787,3,4,negative,negative
spymemcached,2911_rev1,234,234,787,791,0,4,invariant,negative
spymemcached,3224_rev1,232,235,791,794,3,3,negative,negative
spymemcached,3225_rev1,235,235,794,794,0,0,invariant,invariant
spymemcached,3226_rev1,235,236,794,791,1,-3,negative,positive
spymemcached,3227_rev1,236,236,791,791,0,0,invariant,invariant
spymemcached,3438_rev1,236,235,791,794,-1,3,positive,negative
spymemcached,3617_rev1,217,220,763,771,3,8,negative,negative
spymemcached,3617_rev2,217,220,763,771,3,8,negative,negative
spymemcached,3640_rev1,217,217,763,763,0,0,invariant,invariant
spymemcached,3641_rev1,217,217,763,763,0,0,invariant,invariant
spymemcached,3641_rev2,217,217,763,763,0,0,invariant,invariant
spymemcached,3850_rev1,235,235,794,794,0,0,invariant,invariant
spymemcached,3851_rev1,235,235,794,794,0,0,invariant,invariant
spymemcached,3852_rev1,235,236,794,797,1,3,negative,negative
spymemcached,4204_rev1,217,217,763,766,0,3,invariant,negative
spymemcached,4204_rev2,217,217,763,766,0,3,invariant,negative
spymemcached,4204_rev3,217,217,763,766,0,3,invariant,negative
spymemcached,4204_rev4,217,217,763,766,0,3,invariant,negative
spymemcached,4204_rev5,217,217,763,766,0,3,invariant,negative
spymemcached,4204_rev6,217,217,763,766,0,3,invariant,negative
spymemcached,4205_rev1,217,217,766,766,0,0,invariant,invariant
spymemcached,4205_rev2,217,217,766,766,0,0,invariant,invariant
spymemcached,4205_rev3,217,217,766,766,0,0,invariant,invariant
spymemcached,4205_rev4,217,217,766,766,0,0,invariant,invariant
spymemcached,4206_rev1,217,217,766,766,0,0,invariant,invariant
spymemcached,4206_rev2,217,217,766,766,0,0,invariant,invariant
spymemcached,4206_rev3,217,217,766,766,0,0,invariant,invariant
spymemcached,4206_rev4,217,217,766,766,0,0,invariant,invariant
spymemcached,4206_rev5,217,217,766,766,0,0,invariant,invariant
spymemcached,4206_rev6,217,217,766,766,0,0,invariant,invariant
spymemcached,4207_rev1,217,217,766,766,0,0,invariant,invariant
spymemcached,4207_rev2,217,217,766,766,0,0,invariant,invariant
spymemcached,4207_rev3,217,217,766,766,0,0,invariant,invariant
spymemcached,4207_rev4,217,217,766,766,0,0,invariant,invariant
spymemcached,4207_rev5,217,217,766,766,0,0,invariant,invariant
spymemcached,4207_rev6,217,217,766,766,0,0,invariant,invariant
spymemcached,4208_rev1,217,218,766,770,1,4,negative,negative
spymemcached,4208_rev2,217,218,766,770,1,4,negative,negative
spymemcached,4208_rev3,217,218,766,770,1,4,negative,negative
spymemcached,4208_rev4,217,218,766,770,1,4,negative,negative
spymemcached,4208_rev5,217,218,766,770,1,4,negative,negative
spymemcached,4208_rev6,217,218,766,770,1,4,negative,negative
spymemcached,4209_rev1,218,218,770,772,0,2,invariant,negative
spymemcached,4209_rev2,218,218,770,772,0,2,invariant,negative
spymemcached,4209_rev3,218,218,770,772,0,2,invariant,negative
spymemcached,4209_rev4,218,218,770,772,0,2,invariant,negative
spymemcached,4209_rev5,218,218,770,772,0,2,invariant,negative
spymemcached,4209_rev6,218,218,770,772,0,2,invariant,negative
spymemcached,4210_rev1,218,218,772,774,0,2,invariant,negative
spymemcached,4210_rev2,218,218,772,774,0,2,invariant,negative
spymemcached,4210_rev3,218,218,772,774,0,2,invariant,negative
spymemcached,4210_rev4,218,218,772,774,0,2,invariant,negative
spymemcached,4210_rev5,218,218,772,774,0,2,invariant,negative
spymemcached,4210_rev6,218,218,772,774,0,2,invariant,negative
spymemcached,4211_rev1,218,218,774,782,0,8,invariant,negative
spymemcached,4211_rev2,218,218,774,782,0,8,invariant,negative
spymemcached,4211_rev3,218,218,774,782,0,8,invariant,negative
spymemcached,4211_rev4,218,218,774,782,0,8,invariant,negative
spymemcached,4211_rev5,218,218,774,782,0,8,invariant,negative
spymemcached,4211_rev6,218,218,774,782,0,8,invariant,negative
spymemcached,4212_rev1,218,218,782,782,0,0,invariant,invariant
spymemcached,4212_rev2,218,218,782,782,0,0,invariant,invariant
spymemcached,4212_rev3,218,218,782,782,0,0,invariant,invariant
spymemcached,4212_rev4,218,218,782,782,0,0,invariant,invariant
spymemcached,4212_rev5,218,218,782,782,0,0,invariant,invariant
spymemcached,4212_rev6,218,218,782,782,0,0,invariant,invariant
spymemcached,4231_rev1,218,218,782,782,0,0,invariant,invariant
spymemcached,4232_rev1,218,218,782,782,0,0,invariant,invariant
spymemcached,4248_rev1,218,218,782,780,0,-2,invariant,positive
spymemcached,4612_rev1,218,218,780,780,0,0,invariant,invariant
spymemcached,4612_rev2,218,218,780,780,0,0,invariant,invariant
spymemcached,4612_rev3,218,218,780,780,0,0,invariant,invariant
spymemcached,4752_rev1,218,220,780,781,2,1,negative,negative
spymemcached,4752_rev2,218,220,780,781,2,1,negative,negative
spymemcached,4752_rev3,218,220,780,781,2,1,negative,negative
spymemcached,5201_rev1,218,218,780,780,0,0,invariant,invariant
spymemcached,5201_rev2,220,220,781,781,0,0,invariant,invariant
spymemcached,5202_rev1,218,218,780,780,0,0,invariant,invariant
spymemcached,5202_rev2,220,220,781,781,0,0,invariant,invariant
spymemcached,5203_rev1,218,218,780,780,0,0,invariant,invariant
spymemcached,5203_rev2,220,220,781,781,0,0,invariant,invariant
spymemcached,5204_rev1,218,218,780,780,0,0,invariant,invariant
spymemcached,5204_rev2,220,220,781,781,0,0,invariant,invariant
spymemcached,5205_rev1,218,218,780,780,0,0,invariant,invariant
spymemcached,5205_rev2,220,220,781,781,0,0,invariant,invariant
spymemcached,5206_rev1,218,218,780,778,0,-2,invariant,positive
spymemcached,5206_rev2,220,220,781,779,0,-2,invariant,positive
spymemcached,5207_rev1,218,218,778,779,0,1,invariant,negative
spymemcached,5207_rev2,220,220,779,787,0,8,invariant,negative
spymemcached,5502_rev1,220,220,787,787,0,0,invariant,invariant
spymemcached,6074_rev1,220,220,787,787,0,0,invariant,invariant
spymemcached,6091_rev1,220,220,787,787,0,0,invariant,invariant
spymemcached,6151_rev1,220,220,787,787,0,0,invariant,invariant
spymemcached,6152_rev1,220,220,787,786,0,-1,invariant,positive
spymemcached,6208_rev1,220,220,786,786,0,0,invariant,invariant
spymemcached,6532_rev1,220,223,786,790,3,4,negative,negative
spymemcached,6532_rev2,225,226,789,793,1,4,negative,negative
spymemcached,6669_rev1,226,226,793,793,0,0,invariant,invariant
spymemcached,6670_rev1,226,232,793,802,6,9,negative,negative
spymemcached,6671_rev1,220,225,786,789,5,3,negative,negative
spymemcached,6671_rev2,220,225,786,791,5,5,negative,negative
spymemcached,6671_rev3,220,225,786,791,5,5,negative,negative
spymemcached,6671_rev4,220,225,786,791,5,5,negative,negative
spymemcached,6671_rev5,220,225,786,791,5,5,negative,negative
spymemcached,6671_rev6,220,225,786,791,5,5,negative,negative
spymemcached,6671_rev7,220,225,786,791,5,5,negative,negative
spymemcached,6671_rev8,220,225,786,791,5,5,negative,negative
spymemcached,6671_rev9,220,225,786,791,5,5,negative,negative
spymemcached,6671_rev10,220,225,786,788,5,2,negative,negative
spymemcached,6671_rev11,220,225,786,788,5,2,negative,negative
spymemcached,6672_rev1,225,226,789,793,1,4,negative,negative
spymemcached,6672_rev2,225,226,789,793,1,4,negative,negative
spymemcached,6672_rev3,225,226,788,792,1,4,negative,negative
spymemcached,6672_rev4,225,226,788,792,1,4,negative,negative
spymemcached,6672_rev5,227,228,788,792,1,4,negative,negative
spymemcached,6672_rev6,230,231,788,792,1,4,negative,negative
spymemcached,6672_rev7,233,234,788,792,1,4,negative,negative
spymemcached,6672_rev8,233,234,788,792,1,4,negative,negative
spymemcached,6673_rev1,226,226,793,793,0,0,invariant,invariant
spymemcached,6673_rev2,226,226,793,793,0,0,invariant,invariant
spymemcached,6673_rev3,228,228,792,792,0,0,invariant,invariant
spymemcached,6673_rev4,231,231,792,792,0,0,invariant,invariant
spymemcached,6673_rev5,234,234,792,792,0,0,invariant,invariant
spymemcached,6674_rev1,226,232,793,802,6,9,negative,negative
spymemcached,6674_rev2,226,232,793,802,6,9,negative,negative
spymemcached,6674_rev3,228,234,792,801,6,9,negative,negative
spymemcached,6674_rev4,231,237,792,801,6,9,negative,negative
spymemcached,6674_rev5,231,237,792,801,6,9,negative,negative
spymemcached,6674_rev6,234,240,792,801,6,9,negative,negative
spymemcached,6750_rev1,225,225,788,788,0,0,invariant,invariant
spymemcached,6750_rev2,225,225,788,788,0,0,invariant,invariant
spymemcached,6751_rev1,225,225,788,788,0,0,invariant,invariant
spymemcached,6753_rev1,225,229,788,788,4,0,negative,invariant
spymemcached,6753_rev2,225,229,788,788,4,0,negative,invariant
spymemcached,6753_rev3,225,229,788,788,4,0,negative,invariant
spymemcached,6753_rev4,225,229,788,788,4,0,negative,invariant
spymemcached,6753_rev5,225,227,788,788,2,0,negative,invariant
spymemcached,6753_rev6,225,227,788,788,2,0,negative,invariant
spymemcached,6753_rev7,225,227,788,788,2,0,negative,invariant
spymemcached,6753_rev8,225,227,788,788,2,0,negative,invariant
spymemcached,6753_rev9,225,227,788,788,2,0,negative,invariant
spymemcached,6753_rev10,225,227,788,788,2,0,negative,invariant
spymemcached,6753_rev11,225,227,788,788,2,0,negative,invariant
spymemcached,6760_rev1,234,240,801,808,6,7,negative,negative
spymemcached,6760_rev2,234,240,801,808,6,7,negative,negative
spymemcached,6760_rev3,237,243,801,808,6,7,negative,negative
spymemcached,6760_rev4,237,243,801,808,6,7,negative,negative
spymemcached,6760_rev5,237,243,801,808,6,7,negative,negative
spymemcached,6760_rev6,240,246,801,808,6,7,negative,negative
spymemcached,6761_rev1,240,240,808,808,0,0,invariant,invariant
spymemcached,6778_rev1,227,230,788,788,3,0,negative,invariant
spymemcached,6778_rev2,227,230,788,788,3,0,negative,invariant
spymemcached,6778_rev3,227,230,788,788,3,0,negative,invariant
spymemcached,6778_rev4,227,230,788,788,3,0,negative,invariant
spymemcached,6778_rev5,227,230,788,788,3,0,negative,invariant
spymemcached,6778_rev6,227,230,788,788,3,0,negative,invariant
spymemcached,6778_rev7,227,230,788,788,3,0,negative,invariant
spymemcached,6813_rev1,230,233,788,788,3,0,negative,invariant
spymemcached,6813_rev2,230,233,788,788,3,0,negative,invariant
spymemcached,6813_rev3,230,233,788,788,3,0,negative,invariant
spymemcached,6813_rev4,230,233,788,788,3,0,negative,invariant
spymemcached,6813_rev5,230,233,788,788,3,0,negative,invariant
spymemcached,6813_rev6,230,233,788,788,3,0,negative,invariant
spymemcached,6813_rev7,230,233,788,788,3,0,negative,invariant
spymemcached,6814_rev1,243,246,808,812,3,4,negative,negative
spymemcached,6814_rev2,243,246,808,812,3,4,negative,negative
spymemcached,6814_rev3,243,246,808,812,3,4,negative,negative
spymemcached,6814_rev4,246,249,808,812,3,4,negative,negative
spymemcached,6815_rev1,246,244,812,816,-2,4,positive,negative
spymemcached,6815_rev2,246,244,812,816,-2,4,positive,negative
spymemcached,6815_rev3,246,244,812,816,-2,4,positive,negative
spymemcached,6815_rev4,246,244,812,816,-2,4,positive,negative
spymemcached,6815_rev5,249,247,812,816,-2,4,positive,negative
spymemcached,6816_rev1,245,245,819,819,0,0,invariant,invariant
spymemcached,6816_rev2,245,245,819,819,0,0,invariant,invariant
spymemcached,6816_rev3,245,245,819,819,0,0,invariant,invariant
spymemcached,6816_rev4,245,245,819,819,0,0,invariant,invariant
spymemcached,6816_rev5,248,248,819,819,0,0,invariant,invariant
spymemcached,6817_rev1,246,246,822,822,0,0,invariant,invariant
spymemcached,6817_rev2,246,246,822,822,0,0,invariant,invariant
spymemcached,6817_rev3,246,246,822,822,0,0,invariant,invariant
spymemcached,6817_rev4,246,246,822,822,0,0,invariant,invariant
spymemcached,6817_rev5,249,249,822,822,0,0,invariant,invariant
spymemcached,6817_rev6,249,249,819,819,0,0,invariant,invariant
spymemcached,6817_rev7,249,249,822,822,0,0,invariant,invariant
spymemcached,6818_rev1,246,246,822,822,0,0,invariant,invariant
spymemcached,6818_rev2,246,246,822,822,0,0,invariant,invariant
spymemcached,6818_rev3,246,246,822,822,0,0,invariant,invariant
spymemcached,6818_rev4,246,246,822,822,0,0,invariant,invariant
spymemcached,6818_rev5,249,249,822,822,0,0,invariant,invariant
spymemcached,6818_rev6,249,249,819,819,0,0,invariant,invariant
spymemcached,6818_rev7,249,249,819,819,0,0,invariant,invariant
spymemcached,6818_rev8,249,249,822,822,0,0,invariant,invariant
spymemcached,6819_rev1,246,246,822,822,0,0,invariant,invariant
spymemcached,6819_rev2,246,246,822,822,0,0,invariant,invariant
spymemcached,6819_rev3,246,246,822,822,0,0,invariant,invariant
spymemcached,6819_rev4,246,246,822,822,0,0,invariant,invariant
spymemcached,6819_rev5,249,249,822,822,0,0,invariant,invariant
spymemcached,6819_rev6,249,249,819,819,0,0,invariant,invariant
spymemcached,6819_rev7,249,249,819,819,0,0,invariant,invariant
spymemcached,6819_rev8,249,249,822,822,0,0,invariant,invariant
spymemcached,6820_rev1,246,246,822,822,0,0,invariant,invariant
spymemcached,6820_rev2,246,246,822,822,0,0,invariant,invariant
spymemcached,6820_rev3,246,246,822,822,0,0,invariant,invariant
spymemcached,6820_rev4,246,246,822,822,0,0,invariant,invariant
spymemcached,6820_rev5,249,249,822,822,0,0,invariant,invariant
spymemcached,6820_rev6,249,249,819,819,0,0,invariant,invariant
spymemcached,6820_rev7,249,249,819,819,0,0,invariant,invariant
spymemcached,6820_rev8,249,249,822,822,0,0,invariant,invariant
spymemcached,6821_rev1,246,246,822,822,0,0,invariant,invariant
spymemcached,6821_rev2,246,246,822,822,0,0,invariant,invariant
spymemcached,6821_rev3,246,246,822,822,0,0,invariant,invariant
spymemcached,6821_rev4,246,246,822,822,0,0,invariant,invariant
spymemcached,6821_rev5,249,249,822,822,0,0,invariant,invariant
spymemcached,6821_rev6,249,249,819,819,0,0,invariant,invariant
spymemcached,6821_rev7,249,249,819,819,0,0,invariant,invariant
spymemcached,6821_rev8,249,249,822,822,0,0,invariant,invariant
spymemcached,6822_rev1,246,247,822,823,1,1,negative,negative
spymemcached,6822_rev2,246,247,822,823,1,1,negative,negative
spymemcached,6822_rev3,246,247,822,823,1,1,negative,negative
spymemcached,6822_rev4,246,247,822,823,1,1,negative,negative
spymemcached,6822_rev5,249,250,822,823,1,1,negative,negative
spymemcached,6822_rev6,249,250,819,820,1,1,negative,negative
spymemcached,6822_rev7,249,250,819,820,1,1,negative,negative
spymemcached,6822_rev8,249,250,822,823,1,1,negative,negative
spymemcached,6823_rev1,247,247,823,826,0,3,invariant,negative
spymemcached,6823_rev2,247,247,823,826,0,3,invariant,negative
spymemcached,6823_rev3,247,247,823,826,0,3,invariant,negative
spymemcached,6823_rev4,247,247,823,826,0,3,invariant,negative
spymemcached,6823_rev5,250,250,823,826,0,3,invariant,negative
spymemcached,6823_rev6,250,250,820,823,0,3,invariant,negative
spymemcached,6823_rev7,250,250,820,823,0,3,invariant,negative
spymemcached,6823_rev8,250,250,823,826,0,3,invariant,negative
spymemcached,6824_rev1,247,248,826,827,1,1,negative,negative
spymemcached,6824_rev2,247,248,826,827,1,1,negative,negative
spymemcached,6824_rev3,247,248,826,827,1,1,negative,negative
spymemcached,6824_rev4,247,248,826,827,1,1,negative,negative
spymemcached,6824_rev5,250,251,826,827,1,1,negative,negative
spymemcached,6824_rev6,250,251,823,824,1,1,negative,negative
spymemcached,6824_rev7,250,251,823,824,1,1,negative,negative
spymemcached,6824_rev8,250,251,826,827,1,1,negative,negative
spymemcached,6825_rev1,248,247,827,826,-1,-1,positive,positive
spymemcached,6825_rev2,248,247,827,826,-1,-1,positive,positive
spymemcached,6825_rev3,248,247,827,826,-1,-1,positive,positive
spymemcached,6825_rev4,248,247,827,826,-1,-1,positive,positive
spymemcached,6825_rev5,251,250,827,826,-1,-1,positive,positive
spymemcached,6825_rev6,251,250,824,823,-1,-1,positive,positive
spymemcached,6825_rev7,251,250,824,823,-1,-1,positive,positive
spymemcached,6825_rev8,251,250,827,826,-1,-1,positive,positive
spymemcached,6826_rev1,247,247,826,826,0,0,invariant,invariant
spymemcached,6826_rev2,247,247,826,826,0,0,invariant,invariant
spymemcached,6826_rev3,247,247,826,826,0,0,invariant,invariant
spymemcached,6826_rev4,247,247,826,826,0,0,invariant,invariant
spymemcached,6826_rev5,250,250,826,826,0,0,invariant,invariant
spymemcached,6826_rev6,250,250,823,823,0,0,invariant,invariant
spymemcached,6826_rev7,250,250,823,823,0,0,invariant,invariant
spymemcached,6826_rev8,250,250,826,826,0,0,invariant,invariant
spymemcached,6827_rev1,247,247,826,826,0,0,invariant,invariant
spymemcached,6847_rev1,247,247,826,822,0,-4,invariant,positive
spymemcached,6849_rev1,250,250,826,822,0,-4,invariant,positive
spymemcached,6849_rev2,250,250,823,819,0,-4,invariant,positive
spymemcached,6849_rev3,250,250,823,819,0,-4,invariant,positive
spymemcached,6849_rev4,250,250,826,822,0,-4,invariant,positive
spymemcached,6853_rev1,247,247,816,816,0,0,invariant,invariant
spymemcached,6854_rev1,247,248,816,819,1,3,negative,negative
spymemcached,6855_rev1,248,248,819,819,0,0,invariant,invariant
spymemcached,6856_rev1,248,249,819,822,1,3,negative,negative
spymemcached,6857_rev1,249,249,822,822,0,0,invariant,invariant
spymemcached,6858_rev1,249,249,822,822,0,0,invariant,invariant
spymemcached,6859_rev1,249,249,822,822,0,0,invariant,invariant
spymemcached,6860_rev1,249,249,822,822,0,0,invariant,invariant
spymemcached,6861_rev1,249,249,822,822,0,0,invariant,invariant
spymemcached,6862_rev1,249,250,822,823,1,1,negative,negative
spymemcached,6863_rev1,250,250,823,826,0,3,invariant,negative
spymemcached,6864_rev1,250,251,826,827,1,1,negative,negative
spymemcached,6865_rev1,251,250,827,826,-1,-1,positive,positive
spymemcached,6866_rev1,250,250,826,826,0,0,invariant,invariant
spymemcached,6867_rev1,250,250,826,822,0,-4,invariant,positive
spymemcached,6868_rev1,250,250,822,822,0,0,invariant,invariant
spymemcached,6873_rev1,250,268,822,867,18,45,negative,negative
spymemcached,6873_rev2,250,268,822,867,18,45,negative,negative
spymemcached,6873_rev3,250,268,822,867,18,45,negative,negative
spymemcached,6873_rev4,250,268,822,845,18,23,negative,negative
spymemcached,6873_rev5,250,268,822,845,18,23,negative,negative
spymemcached,6873_rev6,250,268,822,845,18,23,negative,negative
spymemcached,6873_rev7,250,268,822,843,18,21,negative,negative
spymemcached,6873_rev8,250,270,822,841,20,19,negative,negative
spymemcached,6873_rev9,250,270,822,841,20,19,negative,negative
spymemcached,6873_rev10,249,269,856,875,20,19,negative,negative
spymemcached,6873_rev11,249,268,856,875,19,19,negative,negative
spymemcached,6873_rev12,249,268,856,876,19,20,negative,negative
spymemcached,6873_rev13,249,269,856,880,20,24,negative,negative
spymemcached,6873_rev14,249,269,856,880,20,24,negative,negative
spymemcached,6880_rev1,268,273,867,882,5,15,negative,negative
spymemcached,6904_rev1,250,250,822,822,0,0,invariant,invariant
spymemcached,6904_rev2,250,250,822,822,0,0,invariant,invariant
spymemcached,6905_rev1,250,250,822,828,0,6,invariant,negative
spymemcached,6905_rev2,250,250,822,828,0,6,invariant,negative
spymemcached,6906_rev1,250,250,822,828,0,6,invariant,negative
spymemcached,6906_rev2,250,250,822,826,0,4,invariant,negative
spymemcached,6906_rev3,250,250,828,832,0,4,invariant,negative
spymemcached,6920_rev1,250,250,822,822,0,0,invariant,invariant
spymemcached,6949_rev1,250,250,822,822,0,0,invariant,invariant
spymemcached,6949_rev2,250,250,828,828,0,0,invariant,invariant
spymemcached,6950_rev1,250,250,828,828,0,0,invariant,invariant
spymemcached,6952_rev1,250,250,828,828,0,0,invariant,invariant
spymemcached,6952_rev2,250,250,828,828,0,0,invariant,invariant
spymemcached,6952_rev3,250,250,828,828,0,0,invariant,invariant
spymemcached,6982_rev1,250,251,828,829,1,1,negative,negative
spymemcached,6982_rev2,250,250,828,828,0,0,invariant,invariant
spymemcached,7006_rev1,250,250,828,830,0,2,invariant,negative
spymemcached,7006_rev2,250,251,828,848,1,20,negative,negative
spymemcached,7006_rev3,250,251,828,848,1,20,negative,negative
spymemcached,7006_rev4,248,249,836,856,1,20,negative,negative
spymemcached,7007_rev1,250,250,828,828,0,0,invariant,invariant
spymemcached,7009_rev1,250,250,828,826,0,-2,invariant,positive
spymemcached,7009_rev2,250,250,832,830,0,-2,invariant,positive
spymemcached,7039_rev1,250,250,828,828,0,0,invariant,invariant
spymemcached,7040_rev1,250,250,828,828,0,0,invariant,invariant
spymemcached,7040_rev2,250,250,828,828,0,0,invariant,invariant
spymemcached,7043_rev1,250,248,828,835,-2,7,positive,negative
spymemcached,7043_rev2,250,248,828,835,-2,7,positive,negative
spymemcached,7043_rev3,250,248,828,835,-2,7,positive,negative
spymemcached,7043_rev4,250,248,828,834,-2,6,positive,negative
spymemcached,7044_rev1,250,248,828,834,-2,6,positive,negative
spymemcached,7044_rev2,250,248,828,834,-2,6,positive,negative
spymemcached,7044_rev3,250,248,828,834,-2,6,positive,negative
spymemcached,7044_rev4,250,248,830,836,-2,6,positive,negative
spymemcached,7045_rev1,248,248,834,834,0,0,invariant,invariant
spymemcached,7045_rev2,248,248,834,834,0,0,invariant,invariant
spymemcached,7045_rev3,248,248,834,834,0,0,invariant,invariant
spymemcached,7045_rev4,248,248,836,836,0,0,invariant,invariant
spymemcached,7045_rev5,248,248,836,836,0,0,invariant,invariant
spymemcached,7045_rev6,248,248,836,836,0,0,invariant,invariant
spymemcached,7045_rev7,248,248,836,836,0,0,invariant,invariant
spymemcached,7045_rev8,248,248,836,836,0,0,invariant,invariant
spymemcached,7048_rev1,250,254,822,837,4,15,negative,negative
spymemcached,7048_rev2,250,254,822,836,4,14,negative,negative
spymemcached,7048_rev3,250,254,822,836,4,14,negative,negative
spymemcached,7048_rev4,250,254,822,836,4,14,negative,negative
spymemcached,7048_rev5,250,254,822,836,4,14,negative,negative
spymemcached,7048_rev6,250,254,822,836,4,14,negative,negative
spymemcached,7048_rev7,260,262,880,901,2,21,negative,negative
spymemcached,7048_rev8,260,262,880,901,2,21,negative,negative
spymemcached,7101_rev1,250,250,830,832,0,2,invariant,negative
spymemcached,7101_rev2,250,250,830,832,0,2,invariant,negative
spymemcached,7101_rev3,250,250,830,832,0,2,invariant,negative
spymemcached,7101_rev4,250,249,830,832,-1,2,positive,negative
spymemcached,7101_rev5,250,250,830,832,0,2,invariant,negative
spymemcached,7101_rev6,250,250,830,832,0,2,invariant,negative
spymemcached,7103_rev1,250,250,830,830,0,0,invariant,invariant
spymemcached,7104_rev1,250,250,830,830,0,0,invariant,invariant
spymemcached,7105_rev1,250,250,830,830,0,0,invariant,invariant
spymemcached,7105_rev2,249,249,857,857,0,0,invariant,invariant
spymemcached,7107_rev1,250,250,830,830,0,0,invariant,invariant
spymemcached,7107_rev2,250,250,830,830,0,0,invariant,invariant
spymemcached,7107_rev3,250,250,830,830,0,0,invariant,invariant
spymemcached,7108_rev1,250,250,830,830,0,0,invariant,invariant
spymemcached,7575_rev1,249,249,856,856,0,0,invariant,invariant
spymemcached,7575_rev2,249,249,856,856,0,0,invariant,invariant
spymemcached,7576_rev1,249,249,856,856,0,0,invariant,invariant
spymemcached,7587_rev1,249,249,856,856,0,0,invariant,invariant
spymemcached,7626_rev1,249,249,856,857,0,1,invariant,negative
spymemcached,7626_rev2,249,249,856,857,0,1,invariant,negative
spymemcached,7626_rev3,249,249,856,857,0,1,invariant,negative
spymemcached,7626_rev4,249,249,856,857,0,1,invariant,negative
spymemcached,7626_rev5,249,249,856,857,0,1,invariant,negative
spymemcached,7626_rev6,249,249,856,857,0,1,invariant,negative
spymemcached,7641_rev1,249,249,857,857,0,0,invariant,invariant
spymemcached,7641_rev2,249,249,857,857,0,0,invariant,invariant
spymemcached,7641_rev3,249,249,857,857,0,0,invariant,invariant
spymemcached,7642_rev1,249,249,857,857,0,0,invariant,invariant
spymemcached,7643_rev1,249,249,857,856,0,-1,invariant,positive
spymemcached,7646_rev1,249,249,857,857,0,0,invariant,invariant
spymemcached,7646_rev2,249,249,857,857,0,0,invariant,invariant
spymemcached,7647_rev1,249,249,857,857,0,0,invariant,invariant
spymemcached,7648_rev1,249,251,857,857,2,0,negative,invariant
spymemcached,7649_rev1,249,249,857,857,0,0,invariant,invariant
spymemcached,7650_rev1,249,251,857,857,2,0,negative,invariant
spymemcached,7650_rev2,249,251,857,857,2,0,negative,invariant
spymemcached,7650_rev3,249,250,856,856,1,0,negative,invariant
spymemcached,7650_rev4,249,250,856,856,1,0,negative,invariant
spymemcached,7650_rev5,249,250,856,856,1,0,negative,invariant
spymemcached,7650_rev6,249,250,856,856,1,0,negative,invariant
spymemcached,7650_rev7,281,281,880,882,0,2,invariant,negative
spymemcached,7650_rev8,281,281,880,886,0,6,invariant,negative
spymemcached,7650_rev9,281,281,880,888,0,8,invariant,negative
spymemcached,7651_rev1,251,250,857,857,-1,0,positive,invariant
spymemcached,7651_rev2,250,250,856,856,0,0,invariant,invariant
spymemcached,7651_rev3,269,270,880,880,1,0,negative,invariant
spymemcached,7672_rev1,249,249,856,856,0,0,invariant,invariant
spymemcached,7773_rev1,249,249,856,857,0,1,invariant,negative
spymemcached,7773_rev2,249,249,856,857,0,1,invariant,negative
spymemcached,7774_rev1,249,249,857,857,0,0,invariant,invariant
spymemcached,7774_rev2,249,249,856,856,0,0,invariant,invariant
spymemcached,7775_rev1,249,249,857,857,0,0,invariant,invariant
spymemcached,7775_rev2,249,249,857,857,0,0,invariant,invariant
spymemcached,7775_rev3,249,249,857,857,0,0,invariant,invariant
spymemcached,7776_rev1,249,249,856,856,0,0,invariant,invariant
spymemcached,7776_rev2,249,249,857,857,0,0,invariant,invariant
spymemcached,7777_rev1,249,249,857,857,0,0,invariant,invariant
spymemcached,7777_rev2,249,249,857,857,0,0,invariant,invariant
spymemcached,7778_rev1,249,249,857,858,0,1,invariant,negative
spymemcached,7779_rev1,249,249,857,858,0,1,invariant,negative
spymemcached,7781_rev1,249,249,858,858,0,0,invariant,invariant
spymemcached,7783_rev1,249,249,858,858,0,0,invariant,invariant
spymemcached,7801_rev1,249,253,856,856,4,0,negative,invariant
spymemcached,7801_rev2,249,253,856,856,4,0,negative,invariant
spymemcached,7801_rev3,249,254,856,856,5,0,negative,invariant
spymemcached,7801_rev4,269,274,880,880,5,0,negative,invariant
spymemcached,7802_rev1,253,253,856,856,0,0,invariant,invariant
spymemcached,7802_rev2,253,253,856,856,0,0,invariant,invariant
spymemcached,7802_rev3,254,254,856,856,0,0,invariant,invariant
spymemcached,7802_rev4,274,274,880,880,0,0,invariant,invariant
spymemcached,7803_rev1,253,253,856,856,0,0,invariant,invariant
spymemcached,7803_rev2,253,253,856,856,0,0,invariant,invariant
spymemcached,7803_rev3,254,254,856,856,0,0,invariant,invariant
spymemcached,7803_rev4,274,274,880,880,0,0,invariant,invariant
spymemcached,7846_rev1,249,249,856,856,0,0,invariant,invariant
spymemcached,7859_rev1,254,257,856,871,3,15,negative,negative
spymemcached,7859_rev2,254,260,856,880,6,24,negative,negative
spymemcached,7859_rev3,254,260,856,880,6,24,negative,negative
spymemcached,7859_rev4,254,260,856,880,6,24,negative,negative
spymemcached,7859_rev5,281,288,880,911,7,31,negative,negative
spymemcached,7859_rev6,281,288,880,898,7,18,negative,negative
spymemcached,7859_rev7,281,287,880,891,6,11,negative,negative
spymemcached,7859_rev8,281,287,880,891,6,11,negative,negative
spymemcached,7877_rev1,275,281,880,880,6,0,negative,invariant
spymemcached,7877_rev2,275,281,880,880,6,0,negative,invariant
spymemcached,7877_rev3,275,282,880,893,7,13,negative,negative
spymemcached,7877_rev4,275,282,880,893,7,13,negative,negative
spymemcached,7877_rev5,275,282,880,893,7,13,negative,negative
spymemcached,7877_rev6,275,281,880,880,6,0,negative,invariant
spymemcached,7877_rev7,275,281,880,880,6,0,negative,invariant
spymemcached,7881_rev1,274,274,880,895,0,15,invariant,negative
spymemcached,7890_rev1,281,281,880,880,0,0,invariant,invariant
spymemcached,7898_rev1,281,282,880,882,1,2,negative,negative
spymemcached,7898_rev2,281,283,880,883,2,3,negative,negative
spymemcached,7898_rev3,281,282,880,881,1,1,negative,negative
spymemcached,7898_rev4,281,282,888,889,1,1,negative,negative
spymemcached,7931_rev1,281,281,880,880,0,0,invariant,invariant
spymemcached,7936_rev1,281,281,880,880,0,0,invariant,invariant
spymemcached,7936_rev2,281,281,880,880,0,0,invariant,invariant
spymemcached,7936_rev3,281,281,880,880,0,0,invariant,invariant
spymemcached,7937_rev1,281,281,880,880,0,0,invariant,invariant
spymemcached,7937_rev2,281,281,880,880,0,0,invariant,invariant
spymemcached,7969_rev1,281,287,880,891,6,11,negative,negative
spymemcached,7969_rev2,281,287,880,891,6,11,negative,negative
spymemcached,8004_rev1,281,281,880,880,0,0,invariant,invariant
spymemcached,8006_rev1,281,281,880,880,0,0,invariant,invariant
spymemcached,8074_rev1,281,281,880,880,0,0,invariant,invariant
spymemcached,8114_rev1,282,284,881,881,2,0,negative,invariant
spymemcached,8114_rev2,282,283,881,881,1,0,negative,invariant
spymemcached,8115_rev1,281,281,880,880,0,0,invariant,invariant
spymemcached,8115_rev2,283,283,889,889,0,0,invariant,invariant
spymemcached,8115_rev3,283,283,889,889,0,0,invariant,invariant
spymemcached,8121_rev1,281,281,888,888,0,0,invariant,invariant
spymemcached,8121_rev2,281,281,888,888,0,0,invariant,invariant
spymemcached,8121_rev3,281,281,888,888,0,0,invariant,invariant
spymemcached,8121_rev4,281,281,888,888,0,0,invariant,invariant
spymemcached,8125_rev1,281,281,880,877,0,-3,invariant,positive
spymemcached,8125_rev2,281,281,880,877,0,-3,invariant,positive
spymemcached,8125_rev3,283,283,890,887,0,-3,invariant,positive
spymemcached,8148_rev1,281,285,880,892,4,12,negative,negative
spymemcached,8148_rev2,283,287,889,901,4,12,negative,negative
spymemcached,8148_rev3,283,288,889,905,5,16,negative,negative
spymemcached,8148_rev4,283,288,889,901,5,12,negative,negative
spymemcached,8148_rev5,311,316,1022,1034,5,12,negative,negative
spymemcached,8149_rev1,285,285,892,892,0,0,invariant,invariant
spymemcached,8194_rev1,283,283,889,890,0,1,invariant,negative
spymemcached,8195_rev1,283,283,890,891,0,1,invariant,negative
spymemcached,8195_rev2,283,283,890,891,0,1,invariant,negative
spymemcached,8196_rev1,283,284,891,891,1,0,negative,invariant
spymemcached,8196_rev2,283,284,891,891,1,0,negative,invariant
spymemcached,8232_rev1,290,290,899,899,0,0,invariant,invariant
spymemcached,8233_rev1,290,290,899,899,0,0,invariant,invariant
spymemcached,8234_rev1,290,290,899,899,0,0,invariant,invariant
spymemcached,8236_rev1,290,296,899,916,6,17,negative,negative
spymemcached,8236_rev2,290,296,899,916,6,17,negative,negative
spymemcached,8239_rev1,284,290,888,899,6,11,negative,negative
spymemcached,8239_rev2,284,290,888,899,6,11,negative,negative
spymemcached,8240_rev1,290,290,899,899,0,0,invariant,invariant
spymemcached,8240_rev2,290,290,899,899,0,0,invariant,invariant
spymemcached,8240_rev3,290,290,899,899,0,0,invariant,invariant
spymemcached,8241_rev1,290,290,899,899,0,0,invariant,invariant
spymemcached,8241_rev2,290,290,899,899,0,0,invariant,invariant
spymemcached,8241_rev3,290,290,899,899,0,0,invariant,invariant
spymemcached,8241_rev4,290,290,899,899,0,0,invariant,invariant
spymemcached,8242_rev1,290,290,899,899,0,0,invariant,invariant
spymemcached,8242_rev2,290,290,899,899,0,0,invariant,invariant
spymemcached,8242_rev3,290,290,899,899,0,0,invariant,invariant
spymemcached,8243_rev1,290,296,899,916,6,17,negative,negative
spymemcached,8243_rev2,290,297,899,915,7,16,negative,negative
spymemcached,8243_rev3,290,297,899,915,7,16,negative,negative
spymemcached,8243_rev4,290,297,899,915,7,16,negative,negative
spymemcached,8243_rev5,290,297,899,915,7,16,negative,negative
spymemcached,8243_rev6,290,297,899,915,7,16,negative,negative
spymemcached,8243_rev7,290,297,899,915,7,16,negative,negative
spymemcached,8359_rev1,296,296,916,916,0,0,invariant,invariant
spymemcached,8359_rev2,297,297,915,915,0,0,invariant,invariant
spymemcached,8399_rev1,297,297,915,918,0,3,invariant,negative
spymemcached,8401_rev1,297,330,918,922,33,4,negative,negative
spymemcached,8401_rev2,297,328,918,922,31,4,negative,negative
spymemcached,8401_rev3,297,328,918,922,31,4,negative,negative
spymemcached,8401_rev4,297,327,918,922,30,4,negative,negative
spymemcached,8401_rev5,297,327,918,922,30,4,negative,negative
spymemcached,8401_rev6,297,326,918,921,29,3,negative,negative
spymemcached,8401_rev7,297,326,918,921,29,3,negative,negative
spymemcached,8422_rev1,327,327,922,922,0,0,invariant,invariant
spymemcached,8422_rev2,326,326,921,921,0,0,invariant,invariant
spymemcached,8461_rev1,326,328,921,933,2,12,negative,negative
spymemcached,8461_rev2,326,328,921,933,2,12,negative,negative
spymemcached,8461_rev3,326,328,921,933,2,12,negative,negative
spymemcached,8461_rev4,327,329,920,932,2,12,negative,negative
spymemcached,8461_rev5,327,329,920,932,2,12,negative,negative
spymemcached,8461_rev6,327,329,920,932,2,12,negative,negative
spymemcached,8461_rev7,327,329,920,932,2,12,negative,negative
spymemcached,8478_rev1,328,329,933,933,1,0,negative,invariant
spymemcached,8478_rev2,326,327,920,920,1,0,negative,invariant
spymemcached,8479_rev1,329,329,933,932,0,-1,invariant,positive
spymemcached,8480_rev1,329,336,932,932,7,0,negative,invariant
spymemcached,8480_rev2,329,335,932,932,6,0,negative,invariant
spymemcached,8480_rev3,329,329,932,932,0,0,invariant,invariant
spymemcached,8480_rev4,329,329,932,932,0,0,invariant,invariant
spymemcached,8483_rev1,326,326,921,920,0,-1,invariant,positive
spymemcached,8503_rev1,329,330,932,932,1,0,negative,invariant
spymemcached,8503_rev2,329,330,932,932,1,0,negative,invariant
spymemcached,8503_rev3,329,330,932,932,1,0,negative,invariant
spymemcached,8503_rev4,329,330,932,932,1,0,negative,invariant
spymemcached,8503_rev5,329,330,932,932,1,0,negative,invariant
spymemcached,8508_rev1,329,329,932,937,0,5,invariant,negative
spymemcached,8508_rev2,330,330,932,937,0,5,invariant,negative
spymemcached,8524_rev1,330,330,937,937,0,0,invariant,invariant
spymemcached,8540_rev1,330,330,937,937,0,0,invariant,invariant
spymemcached,8559_rev1,330,330,937,937,0,0,invariant,invariant
spymemcached,8559_rev2,330,330,937,937,0,0,invariant,invariant
spymemcached,8559_rev3,330,330,938,938,0,0,invariant,invariant
spymemcached,8559_rev4,330,330,939,939,0,0,invariant,invariant
spymemcached,8559_rev5,330,330,939,939,0,0,invariant,invariant
spymemcached,8559_rev6,320,320,941,941,0,0,invariant,invariant
spymemcached,8560_rev1,330,330,937,937,0,0,invariant,invariant
spymemcached,8560_rev2,330,331,937,937,1,0,negative,invariant
spymemcached,8560_rev3,330,331,937,937,1,0,negative,invariant
spymemcached,8560_rev4,330,330,938,938,0,0,invariant,invariant
spymemcached,8560_rev5,330,330,939,939,0,0,invariant,invariant
spymemcached,8560_rev6,330,330,939,939,0,0,invariant,invariant
spymemcached,8560_rev7,330,330,939,941,0,2,invariant,negative
spymemcached,8560_rev8,330,330,939,941,0,2,invariant,negative
spymemcached,8560_rev9,330,330,939,941,0,2,invariant,negative
spymemcached,8560_rev10,320,320,941,943,0,2,invariant,negative
spymemcached,8561_rev1,330,330,937,937,0,0,invariant,invariant
spymemcached,8561_rev2,320,320,943,943,0,0,invariant,invariant
spymemcached,8576_rev1,287,288,901,905,1,4,negative,negative
spymemcached,8594_rev1,330,330,937,938,0,1,invariant,negative
spymemcached,8595_rev1,330,330,938,939,0,1,invariant,negative
spymemcached,8595_rev2,330,330,938,939,0,1,invariant,negative
spymemcached,8595_rev3,330,330,938,939,0,1,invariant,negative
spymemcached,8595_rev4,330,330,938,939,0,1,invariant,negative
spymemcached,8595_rev5,330,330,938,939,0,1,invariant,negative
spymemcached,8597_rev1,330,330,939,939,0,0,invariant,invariant
spymemcached,8597_rev2,330,330,939,939,0,0,invariant,invariant
spymemcached,8597_rev3,330,330,939,939,0,0,invariant,invariant
spymemcached,8599_rev1,330,330,939,939,0,0,invariant,invariant
spymemcached,8602_rev1,283,288,889,905,5,16,negative,negative
spymemcached,8642_rev1,330,330,939,939,0,0,invariant,invariant
spymemcached,8643_rev1,330,320,939,941,-10,2,positive,negative
spymemcached,8644_rev1,330,320,939,941,-10,2,positive,negative
spymemcached,8644_rev2,330,320,939,941,-10,2,positive,negative
spymemcached,8644_rev3,330,320,939,941,-10,2,positive,negative
spymemcached,8644_rev4,330,320,939,941,-10,2,positive,negative
spymemcached,8644_rev5,330,320,939,941,-10,2,positive,negative
spymemcached,8644_rev6,330,320,939,941,-10,2,positive,negative
spymemcached,8644_rev7,330,320,939,941,-10,2,positive,negative
spymemcached,8644_rev8,330,320,939,941,-10,2,positive,negative
spymemcached,8644_rev9,330,320,939,941,-10,2,positive,negative
spymemcached,8680_rev1,284,284,888,887,0,-1,invariant,positive
spymemcached,8973_rev1,320,320,941,941,0,0,invariant,invariant
spymemcached,8973_rev2,320,320,941,941,0,0,invariant,invariant
spymemcached,8973_rev3,320,320,941,941,0,0,invariant,invariant
spymemcached,8973_rev4,320,320,941,941,0,0,invariant,invariant
spymemcached,8973_rev5,320,320,941,941,0,0,invariant,invariant
spymemcached,8973_rev6,320,320,943,943,0,0,invariant,invariant
spymemcached,8973_rev7,323,323,945,945,0,0,invariant,invariant
spymemcached,8973_rev8,323,323,945,945,0,0,invariant,invariant
spymemcached,8973_rev9,323,323,945,945,0,0,invariant,invariant
spymemcached,8973_rev10,323,323,945,945,0,0,invariant,invariant
spymemcached,8973_rev11,323,323,945,945,0,0,invariant,invariant
spymemcached,8973_rev12,323,323,945,945,0,0,invariant,invariant
spymemcached,8973_rev13,323,323,945,945,0,0,invariant,invariant
spymemcached,8973_rev14,323,323,945,945,0,0,invariant,invariant
spymemcached,8984_rev1,284,284,887,887,0,0,invariant,invariant
spymemcached,8995_rev1,284,284,887,887,0,0,invariant,invariant
spymemcached,8997_rev1,320,320,941,941,0,0,invariant,invariant
spymemcached,8998_rev1,320,321,941,941,1,0,negative,invariant
spymemcached,8998_rev2,330,331,939,939,1,0,negative,invariant
spymemcached,8998_rev3,320,321,943,943,1,0,negative,invariant
spymemcached,8998_rev4,320,321,943,943,1,0,negative,invariant
spymemcached,8999_rev1,321,321,941,941,0,0,invariant,invariant
spymemcached,8999_rev2,331,331,939,939,0,0,invariant,invariant
spymemcached,8999_rev3,321,321,943,943,0,0,invariant,invariant
spymemcached,9000_rev1,321,321,941,941,0,0,invariant,invariant
spymemcached,9000_rev2,331,331,939,939,0,0,invariant,invariant
spymemcached,9000_rev3,321,321,943,943,0,0,invariant,invariant
spymemcached,9000_rev4,321,321,943,943,0,0,invariant,invariant
spymemcached,9001_rev1,321,321,941,941,0,0,invariant,invariant
spymemcached,9001_rev2,331,331,939,939,0,0,invariant,invariant
spymemcached,9001_rev3,321,321,943,943,0,0,invariant,invariant
spymemcached,9002_rev1,321,315,941,941,-6,0,positive,invariant
spymemcached,9002_rev2,331,325,939,939,-6,0,positive,invariant
spymemcached,9002_rev3,321,315,943,943,-6,0,positive,invariant
spymemcached,9002_rev4,321,315,943,943,-6,0,positive,invariant
spymemcached,9003_rev1,315,315,941,941,0,0,invariant,invariant
spymemcached,9003_rev2,325,325,939,939,0,0,invariant,invariant
spymemcached,9003_rev3,315,315,943,945,0,2,invariant,negative
spymemcached,9003_rev4,315,315,943,945,0,2,invariant,negative
spymemcached,9004_rev1,315,321,941,941,6,0,negative,invariant
spymemcached,9004_rev2,325,327,939,939,2,0,negative,invariant
spymemcached,9004_rev3,315,321,945,945,6,0,negative,invariant
spymemcached,9004_rev4,315,321,945,945,6,0,negative,invariant
spymemcached,9005_rev1,321,322,941,941,1,0,negative,invariant
spymemcached,9005_rev2,321,322,945,945,1,0,negative,invariant
spymemcached,9006_rev1,322,323,941,941,1,0,negative,invariant
spymemcached,9006_rev2,322,323,945,945,1,0,negative,invariant
spymemcached,9006_rev3,322,323,945,945,1,0,negative,invariant
spymemcached,9015_rev1,323,323,941,941,0,0,invariant,invariant
spymemcached,9015_rev2,320,320,943,943,0,0,invariant,invariant
spymemcached,9110_rev1,323,323,945,945,0,0,invariant,invariant
spymemcached,9111_rev1,323,321,945,951,-2,6,positive,negative
spymemcached,9111_rev2,323,321,945,953,-2,8,positive,negative
spymemcached,9111_rev3,323,321,945,953,-2,8,positive,negative
spymemcached,9161_rev1,323,323,945,945,0,0,invariant,invariant
spymemcached,9161_rev2,321,321,953,953,0,0,invariant,invariant
spymemcached,9162_rev1,323,323,945,945,0,0,invariant,invariant
spymemcached,9162_rev2,321,321,953,953,0,0,invariant,invariant
spymemcached,9199_rev1,321,321,953,953,0,0,invariant,invariant
spymemcached,9199_rev2,321,321,953,953,0,0,invariant,invariant
spymemcached,9223_rev1,323,326,945,967,3,22,negative,negative
spymemcached,9223_rev2,323,323,945,945,0,0,invariant,invariant
spymemcached,9223_rev3,321,321,953,953,0,0,invariant,invariant
spymemcached,9223_rev4,321,321,953,953,0,0,invariant,invariant
spymemcached,9225_rev1,323,323,945,945,0,0,invariant,invariant
spymemcached,9225_rev2,321,321,953,953,0,0,invariant,invariant
spymemcached,9225_rev3,321,321,953,953,0,0,invariant,invariant
spymemcached,9226_rev1,323,323,945,944,0,-1,invariant,positive
spymemcached,9227_rev1,321,321,953,953,0,0,invariant,invariant
spymemcached,9370_rev1,321,321,952,952,0,0,invariant,invariant
spymemcached,9386_rev1,321,307,952,952,-14,0,positive,invariant
spymemcached,9386_rev2,321,307,952,952,-14,0,positive,invariant
spymemcached,9386_rev3,321,307,952,953,-14,1,positive,negative
spymemcached,9386_rev4,321,307,952,953,-14,1,positive,negative
spymemcached,9386_rev5,321,307,953,954,-14,1,positive,negative
spymemcached,9386_rev6,321,307,953,954,-14,1,positive,negative
spymemcached,9386_rev7,321,307,953,954,-14,1,positive,negative
spymemcached,9386_rev8,321,307,953,954,-14,1,positive,negative
spymemcached,9387_rev1,307,307,952,952,0,0,invariant,invariant
spymemcached,9387_rev2,307,307,953,953,0,0,invariant,invariant
spymemcached,9389_rev1,307,307,952,952,0,0,invariant,invariant
spymemcached,9389_rev2,307,307,953,953,0,0,invariant,invariant
spymemcached,9389_rev3,307,307,953,953,0,0,invariant,invariant
spymemcached,9389_rev4,312,312,1019,1019,0,0,invariant,invariant
spymemcached,9392_rev1,307,307,952,953,0,1,invariant,negative
spymemcached,9392_rev2,307,307,952,953,0,1,invariant,negative
spymemcached,9392_rev3,307,307,952,953,0,1,invariant,negative
spymemcached,9393_rev1,307,307,953,953,0,0,invariant,invariant
spymemcached,9393_rev2,307,307,953,953,0,0,invariant,invariant
spymemcached,9393_rev3,321,321,953,953,0,0,invariant,invariant
spymemcached,9394_rev1,307,307,953,953,0,0,invariant,invariant
spymemcached,9394_rev2,307,307,953,953,0,0,invariant,invariant
spymemcached,9394_rev3,307,307,953,953,0,0,invariant,invariant
spymemcached,9402_rev1,323,323,945,945,0,0,invariant,invariant
spymemcached,9402_rev2,321,321,952,952,0,0,invariant,invariant
spymemcached,9402_rev3,321,321,952,952,0,0,invariant,invariant
spymemcached,9402_rev4,321,321,952,952,0,0,invariant,invariant
spymemcached,9403_rev1,323,323,945,945,0,0,invariant,invariant
spymemcached,9403_rev2,321,321,952,952,0,0,invariant,invariant
spymemcached,9403_rev3,321,321,952,952,0,0,invariant,invariant
spymemcached,9403_rev4,321,321,952,952,0,0,invariant,invariant
spymemcached,9403_rev5,321,321,952,952,0,0,invariant,invariant
spymemcached,9422_rev1,321,321,952,952,0,0,invariant,invariant
spymemcached,9424_rev1,284,284,887,887,0,0,invariant,invariant
spymemcached,9425_rev1,284,284,887,887,0,0,invariant,invariant
spymemcached,9426_rev1,284,284,887,886,0,-1,invariant,positive
spymemcached,9428_rev1,284,284,886,886,0,0,invariant,invariant
spymemcached,9428_rev2,284,284,886,886,0,0,invariant,invariant
spymemcached,9428_rev3,274,274,906,907,0,1,invariant,negative
spymemcached,9429_rev1,284,284,887,886,0,-1,invariant,positive
spymemcached,9430_rev1,321,321,952,952,0,0,invariant,invariant
spymemcached,9430_rev2,321,321,952,952,0,0,invariant,invariant
spymemcached,9431_rev1,284,284,886,886,0,0,invariant,invariant
spymemcached,9435_rev1,284,284,886,886,0,0,invariant,invariant
spymemcached,9436_rev1,284,284,886,886,0,0,invariant,invariant
spymemcached,9437_rev1,321,321,952,952,0,0,invariant,invariant
spymemcached,9438_rev1,321,321,952,952,0,0,invariant,invariant
spymemcached,9440_rev1,321,321,952,952,0,0,invariant,invariant
spymemcached,9441_rev1,284,284,886,886,0,0,invariant,invariant
spymemcached,9442_rev1,321,321,952,953,0,1,invariant,negative
spymemcached,9443_rev1,284,284,886,887,0,1,invariant,negative
spymemcached,9450_rev1,307,307,954,954,0,0,invariant,invariant
spymemcached,9451_rev1,307,307,954,954,0,0,invariant,invariant
spymemcached,9451_rev2,321,321,953,954,0,1,invariant,negative
spymemcached,9451_rev3,321,321,953,955,0,2,invariant,negative
spymemcached,9451_rev4,321,321,953,955,0,2,invariant,negative
spymemcached,9452_rev1,307,307,954,957,0,3,invariant,negative
spymemcached,9452_rev2,313,313,974,977,0,3,invariant,negative
spymemcached,9454_rev1,284,284,887,887,0,0,invariant,invariant
spymemcached,9455_rev1,284,284,887,887,0,0,invariant,invariant
spymemcached,9462_rev1,321,321,953,953,0,0,invariant,invariant
spymemcached,9462_rev2,321,321,953,953,0,0,invariant,invariant
spymemcached,9472_rev1,284,285,887,896,1,9,negative,negative
spymemcached,9472_rev2,284,285,887,896,1,9,negative,negative
spymemcached,9473_rev1,285,285,896,896,0,0,invariant,invariant
spymemcached,9473_rev2,274,274,906,906,0,0,invariant,invariant
spymemcached,9474_rev1,284,284,887,887,0,0,invariant,invariant
spymemcached,9475_rev1,285,274,896,906,-11,10,positive,negative
spymemcached,9475_rev2,284,273,887,897,-11,10,positive,negative
spymemcached,9476_rev1,284,284,887,894,0,7,invariant,negative
spymemcached,9476_rev2,274,274,906,906,0,0,invariant,invariant
spymemcached,9476_rev3,274,274,906,906,0,0,invariant,invariant
spymemcached,9476_rev4,274,274,907,907,0,0,invariant,invariant
spymemcached,9477_rev1,321,321,953,953,0,0,invariant,invariant
spymemcached,9477_rev2,321,321,953,953,0,0,invariant,invariant
spymemcached,9512_rev1,274,274,906,906,0,0,invariant,invariant
spymemcached,9513_rev1,274,274,906,906,0,0,invariant,invariant
spymemcached,9514_rev1,284,285,887,891,1,4,negative,negative
spymemcached,9514_rev2,284,285,887,891,1,4,negative,negative
spymemcached,9514_rev3,284,284,887,887,0,0,invariant,invariant
spymemcached,9514_rev4,284,284,887,887,0,0,invariant,invariant
spymemcached,9514_rev5,274,274,907,907,0,0,invariant,invariant
spymemcached,9526_rev1,274,274,906,906,0,0,invariant,invariant
spymemcached,9526_rev2,274,274,906,906,0,0,invariant,invariant
spymemcached,9526_rev3,274,274,906,906,0,0,invariant,invariant
spymemcached,9526_rev4,274,274,906,906,0,0,invariant,invariant
spymemcached,9526_rev5,274,274,906,906,0,0,invariant,invariant
spymemcached,9526_rev6,274,274,906,906,0,0,invariant,invariant
spymemcached,9531_rev1,321,321,953,953,0,0,invariant,invariant
spymemcached,9531_rev2,321,321,953,954,0,1,invariant,negative
spymemcached,9531_rev3,321,321,953,954,0,1,invariant,negative
spymemcached,9531_rev4,321,321,953,954,0,1,invariant,negative
spymemcached,9568_rev1,321,311,953,972,-10,19,positive,negative
spymemcached,9576_rev1,311,313,972,972,2,0,negative,invariant
spymemcached,9591_rev1,311,311,972,972,0,0,invariant,invariant
spymemcached,9612_rev1,321,321,953,953,0,0,invariant,invariant
spymemcached,9613_rev1,321,321,953,952,0,-1,invariant,positive
spymemcached,9640_rev1,321,310,953,940,-11,-13,positive,positive
spymemcached,9641_rev1,313,313,973,973,0,0,invariant,invariant
spymemcached,9665_rev1,313,313,973,973,0,0,invariant,invariant
spymemcached,9674_rev1,274,274,907,907,0,0,invariant,invariant
spymemcached,9678_rev1,313,313,973,973,0,0,invariant,invariant
spymemcached,9678_rev2,313,313,973,973,0,0,invariant,invariant
spymemcached,9679_rev1,313,313,973,974,0,1,invariant,negative
spymemcached,9710_rev1,274,274,907,907,0,0,invariant,invariant
spymemcached,9711_rev1,274,274,907,907,0,0,invariant,invariant
spymemcached,9711_rev2,274,274,907,907,0,0,invariant,invariant
spymemcached,9712_rev1,274,272,907,943,-2,36,positive,negative
spymemcached,9712_rev2,274,273,907,946,-1,39,positive,negative
spymemcached,9712_rev3,274,273,907,946,-1,39,positive,negative
spymemcached,9712_rev4,274,273,907,946,-1,39,positive,negative
spymemcached,9712_rev5,274,272,907,946,-2,39,positive,negative
spymemcached,9712_rev6,274,272,907,946,-2,39,positive,negative
spymemcached,9712_rev7,274,272,907,946,-2,39,positive,negative
spymemcached,9713_rev1,272,272,943,943,0,0,invariant,invariant
spymemcached,9760_rev1,313,313,972,971,0,-1,invariant,positive
spymemcached,9760_rev2,312,312,1019,1018,0,-1,invariant,positive
spymemcached,9760_rev3,312,312,1019,1018,0,-1,invariant,positive
spymemcached,9761_rev1,313,313,971,971,0,0,invariant,invariant
spymemcached,9761_rev2,313,313,971,971,0,0,invariant,invariant
spymemcached,9761_rev3,313,313,971,971,0,0,invariant,invariant
spymemcached,9762_rev1,313,313,971,971,0,0,invariant,invariant
spymemcached,9762_rev2,313,313,971,971,0,0,invariant,invariant
spymemcached,9763_rev1,313,313,971,971,0,0,invariant,invariant
spymemcached,9763_rev2,313,313,971,971,0,0,invariant,invariant
spymemcached,9764_rev1,313,313,971,971,0,0,invariant,invariant
spymemcached,9765_rev1,313,313,971,971,0,0,invariant,invariant
spymemcached,9765_rev2,313,313,977,977,0,0,invariant,invariant
spymemcached,9769_rev1,274,274,907,907,0,0,invariant,invariant
spymemcached,9852_rev1,274,274,907,909,0,2,invariant,negative
spymemcached,9852_rev2,274,274,907,909,0,2,invariant,negative
spymemcached,9986_rev1,313,313,977,978,0,1,invariant,negative
spymemcached,9986_rev2,313,313,977,978,0,1,invariant,negative
spymemcached,10009_rev1,274,274,907,907,0,0,invariant,invariant
spymemcached,10026_rev1,272,273,946,946,1,0,negative,invariant
spymemcached,10026_rev2,272,273,946,946,1,0,negative,invariant
spymemcached,10027_rev1,273,273,946,946,0,0,invariant,invariant
spymemcached,10027_rev2,273,273,946,946,0,0,invariant,invariant
spymemcached,10058_rev1,272,272,948,951,0,3,invariant,negative
spymemcached,10059_rev1,272,272,948,948,0,0,invariant,invariant
spymemcached,10098_rev1,313,313,978,978,0,0,invariant,invariant
spymemcached,10186_rev1,313,312,978,1019,-1,41,positive,negative
spymemcached,10186_rev2,313,312,978,1019,-1,41,positive,negative
spymemcached,10202_rev1,312,312,1019,1019,0,0,invariant,invariant
spymemcached,10260_rev1,312,311,1018,1021,-1,3,positive,negative
spymemcached,10260_rev2,312,311,1018,1021,-1,3,positive,negative
spymemcached,10260_rev3,312,311,1018,1021,-1,3,positive,negative
spymemcached,10260_rev4,312,311,1018,1021,-1,3,positive,negative
spymemcached,10260_rev5,312,311,1018,1021,-1,3,positive,negative
spymemcached,10260_rev6,312,311,1018,1022,-1,4,positive,negative
spymemcached,10260_rev7,312,311,1018,1022,-1,4,positive,negative
spymemcached,10294_rev1,311,311,1021,1021,0,0,invariant,invariant
spymemcached,10297_rev1,311,311,1021,1021,0,0,invariant,invariant
spymemcached,10298_rev1,311,311,1021,1021,0,0,invariant,invariant
spymemcached,10299_rev1,311,311,1021,1021,0,0,invariant,invariant
spymemcached,10300_rev1,311,311,1021,1021,0,0,invariant,invariant
spymemcached,10301_rev1,311,311,1021,1021,0,0,invariant,invariant
spymemcached,10302_rev1,311,311,1021,1021,0,0,invariant,invariant
spymemcached,10304_rev1,311,311,1021,1021,0,0,invariant,invariant
spymemcached,10328_rev1,273,273,948,948,0,0,invariant,invariant
spymemcached,11099_rev1,311,238,1021,911,-73,-110,positive,positive
spymemcached,11099_rev2,311,238,1021,911,-73,-110,positive,positive
spymemcached,11099_rev3,311,238,1021,911,-73,-110,positive,positive
spymemcached,11099_rev4,311,238,1021,911,-73,-110,positive,positive
spymemcached,11099_rev5,311,238,1021,911,-73,-110,positive,positive
spymemcached,11099_rev6,311,238,1021,911,-73,-110,positive,positive
spymemcached,11099_rev7,311,238,1021,911,-73,-110,positive,positive
spymemcached,11099_rev8,311,238,1021,911,-73,-110,positive,positive
spymemcached,11100_rev1,238,238,911,911,0,0,invariant,invariant
spymemcached,11100_rev2,238,238,911,911,0,0,invariant,invariant
spymemcached,11100_rev3,238,238,911,911,0,0,invariant,invariant
spymemcached,11101_rev1,238,238,911,911,0,0,invariant,invariant
spymemcached,11101_rev2,238,238,911,911,0,0,invariant,invariant
spymemcached,11101_rev3,238,238,911,911,0,0,invariant,invariant
spymemcached,11102_rev1,238,238,911,911,0,0,invariant,invariant
spymemcached,11102_rev2,238,238,911,911,0,0,invariant,invariant
spymemcached,11102_rev3,238,238,911,911,0,0,invariant,invariant
spymemcached,11103_rev1,238,238,911,911,0,0,invariant,invariant
spymemcached,11103_rev2,238,238,911,911,0,0,invariant,invariant
spymemcached,11104_rev1,238,238,911,911,0,0,invariant,invariant
spymemcached,11104_rev2,238,238,911,911,0,0,invariant,invariant
spymemcached,11105_rev1,238,238,911,900,0,-11,invariant,positive
spymemcached,11105_rev2,238,238,911,900,0,-11,invariant,positive
spymemcached,11106_rev1,238,238,900,900,0,0,invariant,invariant
spymemcached,11106_rev2,238,238,900,900,0,0,invariant,invariant
spymemcached,11107_rev1,238,238,900,900,0,0,invariant,invariant
spymemcached,11108_rev1,238,238,900,900,0,0,invariant,invariant
spymemcached,11109_rev1,238,238,900,900,0,0,invariant,invariant
spymemcached,11111_rev1,238,239,900,901,1,1,negative,negative
spymemcached,11112_rev1,239,244,901,905,5,4,negative,negative
spymemcached,11112_rev2,239,244,901,905,5,4,negative,negative
spymemcached,11947_rev1,311,311,1021,1021,0,0,invariant,invariant
spymemcached,11950_rev1,311,311,1021,1021,0,0,invariant,invariant
spymemcached,11950_rev2,311,311,1021,1021,0,0,invariant,invariant
spymemcached,12049_rev1,238,238,900,900,0,0,invariant,invariant
spymemcached,12049_rev2,238,238,901,901,0,0,invariant,invariant
spymemcached,12049_rev3,238,238,889,889,0,0,invariant,invariant
spymemcached,12049_rev4,238,238,889,889,0,0,invariant,invariant
spymemcached,12049_rev5,238,238,889,889,0,0,invariant,invariant
spymemcached,12052_rev1,238,238,900,901,0,1,invariant,negative
spymemcached,12088_rev1,238,238,900,900,0,0,invariant,invariant
spymemcached,12127_rev1,238,238,900,891,0,-9,invariant,positive
spymemcached,12127_rev2,238,238,900,888,0,-12,invariant,positive
spymemcached,12127_rev3,238,238,900,888,0,-12,invariant,positive
spymemcached,12127_rev4,238,238,900,888,0,-12,invariant,positive
spymemcached,12127_rev5,238,238,901,889,0,-12,invariant,positive
spymemcached,12127_rev6,238,238,901,889,0,-12,invariant,positive
spymemcached,12127_rev7,238,238,901,889,0,-12,invariant,positive
spymemcached,12127_rev8,238,238,901,889,0,-12,invariant,positive
spymemcached,12127_rev9,238,238,901,889,0,-12,invariant,positive
spymemcached,12127_rev10,238,238,901,889,0,-12,invariant,positive
spymemcached,12127_rev11,238,238,901,889,0,-12,invariant,positive
spymemcached,12127_rev12,238,238,901,889,0,-12,invariant,positive
spymemcached,12137_rev1,238,238,889,889,0,0,invariant,invariant
spymemcached,12137_rev2,238,238,889,889,0,0,invariant,invariant
spymemcached,12137_rev3,238,238,889,889,0,0,invariant,invariant
spymemcached,12137_rev4,238,238,889,889,0,0,invariant,invariant
spymemcached,12138_rev1,238,238,901,901,0,0,invariant,invariant
spymemcached,12139_rev1,238,238,901,901,0,0,invariant,invariant
spymemcached,12141_rev1,238,238,901,901,0,0,invariant,invariant
spymemcached,12141_rev2,238,238,889,889,0,0,invariant,invariant
spymemcached,12142_rev1,238,238,889,889,0,0,invariant,invariant
spymemcached,12142_rev2,238,238,889,889,0,0,invariant,invariant
spymemcached,12142_rev3,238,238,889,890,0,1,invariant,negative
spymemcached,12142_rev4,238,238,889,889,0,0,invariant,invariant
spymemcached,12142_rev5,238,238,889,889,0,0,invariant,invariant
spymemcached,12142_rev6,238,238,889,889,0,0,invariant,invariant
spymemcached,12143_rev1,238,238,889,889,0,0,invariant,invariant
spymemcached,12143_rev2,238,238,889,889,0,0,invariant,invariant
spymemcached,12158_rev1,238,242,889,893,4,4,negative,negative
spymemcached,12158_rev2,238,242,889,893,4,4,negative,negative
spymemcached,12283_rev1,242,242,893,893,0,0,invariant,invariant
spymemcached,12283_rev2,242,242,893,893,0,0,invariant,invariant
spymemcached,12283_rev3,242,242,893,893,0,0,invariant,invariant
spymemcached,12298_rev1,242,242,893,893,0,0,invariant,invariant
spymemcached,12298_rev2,242,242,893,893,0,0,invariant,invariant
spymemcached,12298_rev3,242,242,893,893,0,0,invariant,invariant
spymemcached,12573_rev1,238,238,889,889,0,0,invariant,invariant
spymemcached,12573_rev2,238,238,889,889,0,0,invariant,invariant
spymemcached,12573_rev3,238,238,889,889,0,0,invariant,invariant
spymemcached,12575_rev1,238,238,889,889,0,0,invariant,invariant
spymemcached,12581_rev1,238,238,889,889,0,0,invariant,invariant
spymemcached,12908_rev1,242,246,893,893,4,0,negative,invariant
spymemcached,12908_rev2,242,247,893,893,5,0,negative,invariant
spymemcached,12908_rev3,242,247,893,893,5,0,negative,invariant
spymemcached,12908_rev4,242,247,893,893,5,0,negative,invariant
spymemcached,12908_rev5,243,248,895,895,5,0,negative,invariant
spymemcached,12992_rev1,242,243,893,895,1,2,negative,negative
spymemcached,13081_rev1,247,246,893,896,-1,3,positive,negative
spymemcached,13081_rev2,247,246,893,896,-1,3,positive,negative
spymemcached,13081_rev3,247,246,893,896,-1,3,positive,negative
spymemcached,13081_rev4,247,246,895,898,-1,3,positive,negative
spymemcached,13081_rev5,247,246,895,898,-1,3,positive,negative
spymemcached,13084_rev1,246,244,896,895,-2,-1,positive,positive
spymemcached,13084_rev2,246,244,896,895,-2,-1,positive,positive
spymemcached,13084_rev3,246,244,898,897,-2,-1,positive,positive
spymemcached,13084_rev4,246,244,898,897,-2,-1,positive,positive
spymemcached,13361_rev1,247,247,893,894,0,1,invariant,negative
spymemcached,13361_rev2,247,247,893,894,0,1,invariant,negative
spymemcached,13361_rev3,247,247,944,945,0,1,invariant,negative
spymemcached,13361_rev4,247,247,944,945,0,1,invariant,negative
spymemcached,13362_rev1,247,247,894,895,0,1,invariant,negative
spymemcached,13362_rev2,247,247,894,895,0,1,invariant,negative
spymemcached,13509_rev1,244,244,896,897,0,1,invariant,negative
spymemcached,13509_rev2,244,244,896,897,0,1,invariant,negative
spymemcached,13510_rev1,244,244,897,906,0,9,invariant,negative
spymemcached,13510_rev2,244,244,897,906,0,9,invariant,negative
spymemcached,13510_rev3,244,244,897,906,0,9,invariant,negative
spymemcached,13570_rev1,244,244,896,896,0,0,invariant,invariant
spymemcached,13571_rev1,244,244,896,900,0,4,invariant,negative
spymemcached,13571_rev2,244,244,896,900,0,4,invariant,negative
spymemcached,13571_rev3,244,244,896,900,0,4,invariant,negative
spymemcached,13571_rev4,249,249,969,974,0,5,invariant,negative
spymemcached,13571_rev5,249,249,969,974,0,5,invariant,negative
spymemcached,13676_rev1,244,244,896,896,0,0,invariant,invariant
spymemcached,13995_rev1,244,244,897,897,0,0,invariant,invariant
spymemcached,13996_rev1,244,247,906,944,3,38,negative,negative
spymemcached,13996_rev2,244,247,906,944,3,38,negative,negative
spymemcached,13996_rev3,244,247,906,944,3,38,negative,negative
spymemcached,14142_rev1,244,244,896,896,0,0,invariant,invariant
spymemcached,14143_rev1,247,247,944,944,0,0,invariant,invariant
spymemcached,14158_rev1,247,247,944,944,0,0,invariant,invariant
spymemcached,14159_rev1,247,247,944,944,0,0,invariant,invariant
spymemcached,15947_rev1,247,247,945,945,0,0,invariant,invariant
spymemcached,15948_rev1,247,247,945,945,0,0,invariant,invariant
spymemcached,15948_rev2,247,247,945,945,0,0,invariant,invariant
spymemcached,15948_rev3,247,247,945,945,0,0,invariant,invariant
spymemcached,15948_rev4,247,247,945,945,0,0,invariant,invariant
spymemcached,15949_rev1,247,247,945,945,0,0,invariant,invariant
spymemcached,15949_rev2,247,247,945,945,0,0,invariant,invariant
spymemcached,15949_rev3,247,247,945,945,0,0,invariant,invariant
spymemcached,15949_rev4,247,247,945,945,0,0,invariant,invariant
spymemcached,15949_rev5,247,247,945,945,0,0,invariant,invariant
spymemcached,16251_rev1,247,247,945,945,0,0,invariant,invariant
spymemcached,16251_rev2,247,247,945,945,0,0,invariant,invariant
spymemcached,16251_rev3,247,247,945,945,0,0,invariant,invariant
spymemcached,16255_rev1,247,247,945,945,0,0,invariant,invariant
spymemcached,16255_rev2,247,247,945,945,0,0,invariant,invariant
spymemcached,16255_rev3,247,247,945,945,0,0,invariant,invariant
spymemcached,16255_rev4,247,247,945,945,0,0,invariant,invariant
spymemcached,16256_rev1,247,247,945,945,0,0,invariant,invariant
spymemcached,16256_rev2,247,247,945,945,0,0,invariant,invariant
spymemcached,16256_rev3,247,247,945,945,0,0,invariant,invariant
spymemcached,16257_rev1,247,247,945,945,0,0,invariant,invariant
spymemcached,16257_rev2,247,247,945,945,0,0,invariant,invariant
spymemcached,16257_rev3,247,247,945,945,0,0,invariant,invariant
spymemcached,16257_rev4,247,247,945,945,0,0,invariant,invariant
spymemcached,16257_rev5,247,247,945,945,0,0,invariant,invariant
spymemcached,16335_rev1,247,247,945,945,0,0,invariant,invariant
spymemcached,16335_rev2,247,247,945,945,0,0,invariant,invariant
spymemcached,16335_rev3,247,247,945,945,0,0,invariant,invariant
spymemcached,16714_rev1,247,256,945,954,9,9,negative,negative
spymemcached,17026_rev1,247,247,945,945,0,0,invariant,invariant
spymemcached,17027_rev1,247,247,945,945,0,0,invariant,invariant
spymemcached,17027_rev2,248,249,963,963,1,0,negative,invariant
spymemcached,17028_rev1,247,247,945,945,0,0,invariant,invariant
spymemcached,17640_rev1,247,247,945,947,0,2,invariant,negative
spymemcached,17640_rev2,247,248,945,963,1,18,negative,negative
spymemcached,17640_rev3,247,248,945,969,1,24,negative,negative
spymemcached,17640_rev4,247,248,945,969,1,24,negative,negative
spymemcached,17666_rev1,247,247,945,945,0,0,invariant,invariant
spymemcached,17667_rev1,247,247,945,945,0,0,invariant,invariant
spymemcached,18196_rev1,248,248,969,969,0,0,invariant,invariant
spymemcached,18196_rev2,248,248,969,969,0,0,invariant,invariant
spymemcached,18196_rev3,248,248,969,969,0,0,invariant,invariant
spymemcached,18670_rev1,249,249,969,969,0,0,invariant,invariant
spymemcached,18670_rev2,249,249,969,969,0,0,invariant,invariant
spymemcached,18670_rev3,249,249,969,969,0,0,invariant,invariant
spymemcached,18670_rev4,249,249,969,969,0,0,invariant,invariant
spymemcached,18682_rev1,249,249,969,969,0,0,invariant,invariant
spymemcached,18683_rev1,249,249,969,969,0,0,invariant,invariant
spymemcached,18683_rev2,249,249,974,974,0,0,invariant,invariant
spymemcached,18693_rev1,249,250,969,978,1,9,negative,negative
spymemcached,18996_rev1,249,249,974,974,0,0,invariant,invariant
spymemcached,18996_rev2,249,249,974,974,0,0,invariant,invariant
spymemcached,19035_rev1,249,249,974,974,0,0,invariant,invariant
spymemcached,19066_rev1,249,254,974,982,5,8,negative,negative
spymemcached,19534_rev1,249,249,974,976,0,2,invariant,negative
spymemcached,19534_rev2,249,249,974,976,0,2,invariant,negative
spymemcached,19537_rev1,249,253,976,983,4,7,negative,negative
spymemcached,19537_rev2,249,253,976,983,4,7,negative,negative
spymemcached,19537_rev3,249,253,976,981,4,5,negative,negative
spymemcached,19538_rev1,253,253,983,983,0,0,invariant,invariant
spymemcached,19538_rev2,253,253,983,983,0,0,invariant,invariant
spymemcached,19538_rev3,253,253,981,981,0,0,invariant,invariant
spymemcached,19538_rev4,253,253,981,981,0,0,invariant,invariant
spymemcached,19755_rev1,249,250,976,975,1,-1,negative,positive
spymemcached,19755_rev2,253,254,981,980,1,-1,negative,positive
spymemcached,19846_rev1,253,253,981,981,0,0,invariant,invariant
spymemcached,19847_rev1,253,253,981,981,0,0,invariant,invariant
spymemcached,19919_rev1,253,253,981,981,0,0,invariant,invariant
spymemcached,19919_rev2,253,253,981,981,0,0,invariant,invariant
spymemcached,19919_rev3,253,253,981,981,0,0,invariant,invariant
spymemcached,19919_rev4,253,253,981,981,0,0,invariant,invariant
spymemcached,20818_rev1,253,254,984,984,1,0,negative,invariant
spymemcached,20850_rev1,253,253,983,983,0,0,invariant,invariant
spymemcached,20850_rev2,253,253,983,983,0,0,invariant,invariant
spymemcached,21139_rev1,253,253,984,984,0,0,invariant,invariant
spymemcached,21139_rev2,253,255,984,994,2,10,negative,negative
spymemcached,21139_rev3,253,255,984,994,2,10,negative,negative
spymemcached,21139_rev4,253,255,984,994,2,10,negative,negative
spymemcached,21139_rev5,253,255,984,994,2,10,negative,negative
spymemcached,21139_rev6,253,255,984,993,2,9,negative,negative
spymemcached,21139_rev7,253,255,984,993,2,9,negative,negative
spymemcached,21139_rev8,256,258,983,995,2,12,negative,negative
spymemcached,21140_rev1,253,253,984,984,0,0,invariant,invariant
spymemcached,21378_rev1,254,254,983,983,0,0,invariant,invariant
spymemcached,23486_rev1,256,256,983,985,0,2,invariant,negative
spymemcached,23486_rev2,257,257,994,996,0,2,invariant,negative
spymemcached,23486_rev3,257,257,994,996,0,2,invariant,negative
spymemcached,23486_rev4,258,258,996,998,0,2,invariant,negative
spymemcached,24968_rev1,257,257,994,994,0,0,invariant,invariant
spymemcached,25741_rev1,257,250,994,988,-7,-6,positive,positive
spymemcached,25741_rev2,257,250,994,988,-7,-6,positive,positive
spymemcached,26290_rev1,257,257,994,994,0,0,invariant,invariant
spymemcached,26290_rev2,257,257,994,994,0,0,invariant,invariant
spymemcached,26859_rev1,258,258,998,998,0,0,invariant,invariant
spymemcached,26859_rev2,258,258,998,998,0,0,invariant,invariant
spymemcached,26859_rev3,268,268,1010,1010,0,0,invariant,invariant
spymemcached,27630_rev1,268,268,1010,1010,0,0,invariant,invariant
spymemcached,27630_rev2,268,268,1010,1010,0,0,invariant,invariant
spymemcached,28018_rev1,268,268,1010,1012,0,2,invariant,negative
spymemcached,28018_rev2,268,268,1010,1012,0,2,invariant,negative
spymemcached,28018_rev3,269,269,1010,1012,0,2,invariant,negative
spymemcached,28025_rev1,268,276,1010,1014,8,4,negative,negative
spymemcached,28025_rev2,268,276,1010,1014,8,4,negative,negative
spymemcached,28025_rev3,268,277,1010,1014,9,4,negative,negative
spymemcached,28025_rev4,268,280,1010,1014,12,4,negative,negative
spymemcached,28025_rev5,268,282,1010,1014,14,4,negative,negative
spymemcached,28025_rev6,268,282,1010,1017,14,7,negative,negative
spymemcached,28025_rev7,268,282,1010,1017,14,7,negative,negative
spymemcached,28025_rev8,268,282,1010,1017,14,7,negative,negative
spymemcached,28025_rev9,268,282,1010,1017,14,7,negative,negative
spymemcached,28025_rev10,268,282,1010,1017,14,7,negative,negative
spymemcached,28025_rev11,269,283,1012,1019,14,7,negative,negative
spymemcached,28025_rev12,275,289,1024,1031,14,7,negative,negative
spymemcached,28025_rev13,275,289,1024,1031,14,7,negative,negative
spymemcached,28025_rev14,273,287,1020,1027,14,7,negative,negative
spymemcached,28292_rev1,268,268,1010,1011,0,1,invariant,negative
spymemcached,28292_rev2,268,269,1010,1010,1,0,negative,invariant
spymemcached,28292_rev3,268,269,1010,1010,1,0,negative,invariant
spymemcached,28292_rev4,268,269,1010,1010,1,0,negative,invariant
spymemcached,28292_rev5,268,269,1010,1010,1,0,negative,invariant
spymemcached,28292_rev6,268,269,1010,1010,1,0,negative,invariant
spymemcached,28292_rev7,268,269,1010,1010,1,0,negative,invariant
spymemcached,28292_rev8,268,269,1010,1010,1,0,negative,invariant
spymemcached,28575_rev1,268,274,1010,1020,6,10,negative,negative
spymemcached,28575_rev2,268,274,1010,1020,6,10,negative,negative
spymemcached,28575_rev3,268,274,1010,1022,6,12,negative,negative
spymemcached,28575_rev4,268,274,1010,1022,6,12,negative,negative
spymemcached,28575_rev5,269,275,1012,1024,6,12,negative,negative
spymemcached,28575_rev6,269,275,1012,1024,6,12,negative,negative
spymemcached,28738_rev1,269,269,1012,1012,0,0,invariant,invariant
spymemcached,28738_rev2,269,269,1012,1012,0,0,invariant,invariant
spymemcached,28765_rev1,269,269,1012,1012,0,0,invariant,invariant
spymemcached,28765_rev2,269,269,1012,1012,0,0,invariant,invariant
spymemcached,28792_rev1,269,269,1012,1012,0,0,invariant,invariant
spymemcached,28792_rev2,269,267,1012,1008,-2,-4,positive,positive
spymemcached,28792_rev3,275,273,1024,1020,-2,-4,positive,positive
spymemcached,29346_rev1,287,287,1027,1029,0,2,invariant,negative
spymemcached,29346_rev2,287,287,1027,1029,0,2,invariant,negative
spymemcached,29372_rev1,287,287,1027,1027,0,0,invariant,invariant
spymemcached,29372_rev2,287,287,1028,1028,0,0,invariant,invariant
spymemcached,29372_rev3,287,287,1030,1030,0,0,invariant,invariant
spymemcached,29372_rev4,287,287,1030,1030,0,0,invariant,invariant
spymemcached,29373_rev1,287,287,1027,1026,0,-1,invariant,positive
spymemcached,29373_rev2,287,287,1027,1028,0,1,invariant,negative
spymemcached,29373_rev3,287,287,1027,1028,0,1,invariant,negative
spymemcached,29373_rev4,287,287,1029,1030,0,1,invariant,negative
spymemcached,29548_rev1,287,287,1030,1030,0,0,invariant,invariant
spymemcached,29548_rev2,287,287,1030,1030,0,0,invariant,invariant
spymemcached,29584_rev1,287,287,1030,1030,0,0,invariant,invariant
spymemcached,29584_rev2,287,287,1030,1030,0,0,invariant,invariant
spymemcached,29585_rev1,287,287,1030,1030,0,0,invariant,invariant
spymemcached,29585_rev2,287,287,1030,1030,0,0,invariant,invariant
spymemcached,29585_rev3,287,287,1030,1030,0,0,invariant,invariant
spymemcached,29657_rev1,287,287,1030,1029,0,-1,invariant,positive
spymemcached,29657_rev2,287,287,1030,1029,0,-1,invariant,positive
spymemcached,30415_rev1,287,287,1030,1031,0,1,invariant,negative
spymemcached,30415_rev2,287,287,1030,1031,0,1,invariant,negative
spymemcached,30415_rev3,287,287,1030,1031,0,1,invariant,negative
spymemcached,30415_rev4,287,287,1029,1030,0,1,invariant,negative
spymemcached,30415_rev5,287,287,1029,1030,0,1,invariant,negative
spymemcached,30416_rev1,287,287,1030,1028,0,-2,invariant,positive
spymemcached,30416_rev2,287,287,1030,1028,0,-2,invariant,positive
spymemcached,30416_rev3,287,287,1030,1028,0,-2,invariant,positive
spymemcached,30417_rev1,287,287,1028,1026,0,-2,invariant,positive
spymemcached,30417_rev2,287,287,1027,1025,0,-2,invariant,positive
spymemcached,30417_rev3,287,287,1027,1025,0,-2,invariant,positive
spymemcached,30417_rev4,287,287,1027,1025,0,-2,invariant,positive
spymemcached,30418_rev1,287,287,1028,1027,0,-1,invariant,positive
spymemcached,30418_rev2,287,287,1028,1027,0,-1,invariant,positive
spymemcached,30418_rev3,287,287,1028,1027,0,-1,invariant,positive
spymemcached,30418_rev4,287,287,1028,1027,0,-1,invariant,positive
spymemcached,30447_rev1,287,287,1030,1030,0,0,invariant,invariant
spymemcached,30447_rev2,287,287,1030,1030,0,0,invariant,invariant
spymemcached,30448_rev1,287,287,1030,1030,0,0,invariant,invariant
spymemcached,30448_rev2,287,287,1025,1025,0,0,invariant,invariant
spymemcached,30448_rev3,287,287,1027,1027,0,0,invariant,invariant
spymemcached,30448_rev4,287,287,1028,1028,0,0,invariant,invariant
spymemcached,30448_rev5,287,287,1028,1028,0,0,invariant,invariant
spymemcached,30701_rev1,287,287,1027,1027,0,0,invariant,invariant
spymemcached,30701_rev2,287,287,1027,1027,0,0,invariant,invariant
spymemcached,30701_rev3,287,287,1027,1027,0,0,invariant,invariant
spymemcached,31669_rev1,287,287,1025,1026,0,1,invariant,negative
spymemcached,31669_rev2,287,287,1025,1026,0,1,invariant,negative
spymemcached,31670_rev1,287,287,1026,1026,0,0,invariant,invariant
spymemcached,31670_rev2,287,287,1026,1026,0,0,invariant,invariant
spymemcached,31670_rev3,287,287,1026,1026,0,0,invariant,invariant
spymemcached,31714_rev1,287,287,1025,1026,0,1,invariant,negative
spymemcached,31714_rev2,287,287,1025,1023,0,-2,invariant,positive
spymemcached,31714_rev3,287,287,1025,1026,0,1,invariant,negative
spymemcached,31714_rev4,287,287,1026,1027,0,1,invariant,negative
spymemcached,31714_rev5,287,287,1026,1027,0,1,invariant,negative
spymemcached,31715_rev1,287,287,1025,1025,0,0,invariant,invariant
spymemcached,31715_rev2,287,287,1025,1025,0,0,invariant,invariant
spymemcached,31715_rev3,287,287,1028,1028,0,0,invariant,invariant
spymemcached,31732_rev1,287,287,1027,1027,0,0,invariant,invariant
spymemcached,31732_rev2,287,287,1027,1027,0,0,invariant,invariant
spymemcached,31828_rev1,287,287,1027,1027,0,0,invariant,invariant
spymemcached,31828_rev2,287,287,1027,1027,0,0,invariant,invariant
spymemcached,31828_rev3,287,287,1027,1027,0,0,invariant,invariant
spymemcached,31828_rev4,287,287,1027,1027,0,0,invariant,invariant
spymemcached,32336_rev1,287,287,1027,1027,0,0,invariant,invariant
spymemcached,32337_rev1,287,287,1027,1028,0,1,invariant,negative
spymemcached,32337_rev2,287,287,1027,1028,0,1,invariant,negative
spymemcached,32337_rev3,287,287,1027,1028,0,1,invariant,negative
spymemcached,32337_rev4,287,287,1027,1028,0,1,invariant,negative
spymemcached,32337_rev5,287,287,1027,1028,0,1,invariant,negative
spymemcached,32430_rev1,287,287,1027,1028,0,1,invariant,negative
spymemcached,32588_rev1,287,287,1028,1028,0,0,invariant,invariant
spymemcached,32588_rev2,287,287,1028,1028,0,0,invariant,invariant
spymemcached,32588_rev3,287,287,1028,1028,0,0,invariant,invariant
spymemcached,32588_rev4,287,287,1028,1028,0,0,invariant,invariant
spymemcached,33405_rev1,287,287,1028,1028,0,0,invariant,invariant
spymemcached,33405_rev2,287,287,1028,1028,0,0,invariant,invariant
spymemcached,33405_rev3,287,287,1028,1028,0,0,invariant,invariant
spymemcached,33405_rev4,290,290,1028,1028,0,0,invariant,invariant
spymemcached,33405_rev5,290,290,1028,1028,0,0,invariant,invariant
spymemcached,33700_rev1,287,287,1028,1028,0,0,invariant,invariant
spymemcached,33700_rev2,287,287,1028,1028,0,0,invariant,invariant
spymemcached,33700_rev3,290,290,1028,1028,0,0,invariant,invariant
spymemcached,33700_rev4,290,290,1028,1029,0,1,invariant,negative
spymemcached,33700_rev5,290,290,1028,1029,0,1,invariant,negative
spymemcached,33700_rev6,290,290,1028,1029,0,1,invariant,negative
spymemcached,33700_rev7,290,290,1029,1030,0,1,invariant,negative
spymemcached,33799_rev1,287,287,1028,1028,0,0,invariant,invariant
spymemcached,33799_rev2,287,291,1028,1028,4,0,negative,invariant
spymemcached,33799_rev3,287,290,1028,1028,3,0,negative,invariant
spymemcached,33799_rev4,287,290,1028,1028,3,0,negative,invariant
spymemcached,33799_rev5,287,290,1028,1028,3,0,negative,invariant
spymemcached,33800_rev1,287,287,1028,1028,0,0,invariant,invariant
spymemcached,33800_rev2,287,287,1028,1028,0,0,invariant,invariant
spymemcached,33800_rev3,287,287,1028,1028,0,0,invariant,invariant
spymemcached,34184_rev1,287,287,1028,1029,0,1,invariant,negative
spymemcached,34184_rev2,290,290,1028,1029,0,1,invariant,negative
spymemcached,34257_rev1,290,290,1030,1030,0,0,invariant,invariant
spymemcached,34257_rev2,290,290,1030,1040,0,10,invariant,negative
spymemcached,34257_rev3,290,290,1030,1044,0,14,invariant,negative
spymemcached,34257_rev4,290,290,1030,1044,0,14,invariant,negative
spymemcached,34257_rev5,287,287,1025,1039,0,14,invariant,negative
spymemcached,34257_rev6,295,295,1033,1047,0,14,invariant,negative
spymemcached,34257_rev7,295,295,1033,1047,0,14,invariant,negative
spymemcached,34625_rev1,290,290,1030,1030,0,0,invariant,invariant
spymemcached,34625_rev2,290,290,1030,1031,0,1,invariant,negative
spymemcached,34625_rev3,290,295,1030,1030,5,0,negative,invariant
spymemcached,34728_rev1,290,290,1030,1030,0,0,invariant,invariant
spymemcached,34728_rev2,290,290,1030,1030,0,0,invariant,invariant
spymemcached,34728_rev3,290,290,1030,1030,0,0,invariant,invariant
spymemcached,34728_rev4,290,290,1030,1030,0,0,invariant,invariant
spymemcached,34845_rev1,290,290,1030,1030,0,0,invariant,invariant
spymemcached,34845_rev2,290,290,1030,1030,0,0,invariant,invariant
spymemcached,34845_rev3,287,287,1025,1025,0,0,invariant,invariant
spymemcached,34845_rev4,295,295,1033,1033,0,0,invariant,invariant
spymemcached,34845_rev5,295,295,1033,1033,0,0,invariant,invariant
spymemcached,34845_rev6,295,295,1033,1033,0,0,invariant,invariant
spymemcached,34845_rev7,295,295,1047,1047,0,0,invariant,invariant
spymemcached,34846_rev1,290,290,1030,1032,0,2,invariant,negative
spymemcached,34846_rev2,290,290,1030,1032,0,2,invariant,negative
spymemcached,34846_rev3,290,290,1030,1032,0,2,invariant,negative
spymemcached,34846_rev4,290,290,1030,1032,0,2,invariant,negative
spymemcached,34849_rev1,290,290,1032,1032,0,0,invariant,invariant
spymemcached,34849_rev2,290,290,1032,1032,0,0,invariant,invariant
spymemcached,34849_rev3,290,290,1032,1032,0,0,invariant,invariant
spymemcached,34852_rev1,290,295,1032,1033,5,1,negative,negative
spymemcached,34852_rev2,290,295,1032,1033,5,1,negative,negative
spymemcached,34852_rev3,290,295,1032,1033,5,1,negative,negative
spymemcached,34852_rev4,290,295,1032,1033,5,1,negative,negative
spymemcached,34883_rev1,287,287,1025,1026,0,1,invariant,negative
spymemcached,34883_rev2,287,287,1025,1026,0,1,invariant,negative
spymemcached,34883_rev3,287,287,1025,1026,0,1,invariant,negative
spymemcached,34883_rev4,287,287,1025,1026,0,1,invariant,negative
spymemcached,34883_rev5,295,295,1047,1048,0,1,invariant,negative
spymemcached,34883_rev6,295,295,1047,1048,0,1,invariant,negative
spymemcached,34883_rev7,295,295,1047,1048,0,1,invariant,negative
spymemcached,34883_rev8,295,295,1047,1048,0,1,invariant,negative
spymemcached,34936_rev1,295,295,1047,1047,0,0,invariant,invariant
spymemcached,34936_rev2,295,295,1047,1047,0,0,invariant,invariant
spymemcached,34938_rev1,295,295,1047,1047,0,0,invariant,invariant
spymemcached,34938_rev2,295,295,1047,1047,0,0,invariant,invariant
spymemcached,34977_rev1,295,295,1047,1047,0,0,invariant,invariant
spymemcached,34977_rev2,295,295,1047,1047,0,0,invariant,invariant
spymemcached,35553_rev1,295,295,1048,1048,0,0,invariant,invariant
spymemcached,35553_rev2,295,295,1048,1048,0,0,invariant,invariant
spymemcached,35672_rev1,295,295,1048,1048,0,0,invariant,invariant
spymemcached,35672_rev2,295,295,1048,1048,0,0,invariant,invariant
spymemcached,35672_rev3,295,295,1048,1048,0,0,invariant,invariant
spymemcached,35672_rev4,295,295,1048,1048,0,0,invariant,invariant
spymemcached,36208_rev1,295,295,1048,1048,0,0,invariant,invariant
spymemcached,36208_rev2,295,295,1048,1048,0,0,invariant,invariant
spymemcached,36219_rev1,295,295,1048,1048,0,0,invariant,invariant
spymemcached,36219_rev2,295,295,1048,1049,0,1,invariant,negative
spymemcached,36219_rev3,295,295,1048,1049,0,1,invariant,negative
spymemcached,36219_rev4,295,295,1048,1049,0,1,invariant,negative
spymemcached,36219_rev5,295,295,1048,1049,0,1,invariant,negative
spymemcached,36219_rev6,295,295,1048,1049,0,1,invariant,negative
spymemcached,36219_rev7,295,295,1048,1049,0,1,invariant,negative
spymemcached,36219_rev8,295,295,1048,1049,0,1,invariant,negative
spymemcached,36221_rev1,295,295,1048,1048,0,0,invariant,invariant
spymemcached,36221_rev2,295,295,1048,1048,0,0,invariant,invariant
spymemcached,36221_rev3,295,295,1048,1048,0,0,invariant,invariant
spymemcached,36222_rev1,295,295,1048,1048,0,0,invariant,invariant
spymemcached,36222_rev2,295,295,1048,1048,0,0,invariant,invariant
spymemcached,36222_rev3,295,295,1048,1048,0,0,invariant,invariant
spymemcached,36222_rev4,295,295,1048,1048,0,0,invariant,invariant
spymemcached,36222_rev5,295,295,1049,1049,0,0,invariant,invariant
spymemcached,36222_rev6,295,295,1049,1049,0,0,invariant,invariant
spymemcached,36258_rev1,295,295,1048,1048,0,0,invariant,invariant
spymemcached,36258_rev2,295,295,1048,1048,0,0,invariant,invariant
spymemcached,36258_rev3,295,295,1049,1049,0,0,invariant,invariant
spymemcached,36695_rev1,295,295,1048,1048,0,0,invariant,invariant
spymemcached,36695_rev2,295,295,1048,1048,0,0,invariant,invariant
spymemcached,36695_rev3,295,295,1048,1048,0,0,invariant,invariant
spymemcached,36698_rev1,295,295,1048,1048,0,0,invariant,invariant
spymemcached,36698_rev2,295,295,1049,1049,0,0,invariant,invariant
spymemcached,36698_rev3,295,295,1049,1049,0,0,invariant,invariant
spymemcached,37603_rev1,295,295,1049,1049,0,0,invariant,invariant
spymemcached,37603_rev2,295,295,1049,1049,0,0,invariant,invariant
spymemcached,37603_rev3,295,295,1049,1049,0,0,invariant,invariant
spymemcached,37646_rev1,295,295,1049,1049,0,0,invariant,invariant
spymemcached,37646_rev2,295,295,1049,1049,0,0,invariant,invariant
spymemcached,37647_rev1,295,295,1049,1049,0,0,invariant,invariant
spymemcached,37647_rev2,295,295,1049,1049,0,0,invariant,invariant
spymemcached,37647_rev3,295,295,1049,1049,0,0,invariant,invariant
spymemcached,37724_rev1,295,295,1049,1049,0,0,invariant,invariant
spymemcached,37724_rev2,295,295,1049,1049,0,0,invariant,invariant
spymemcached,37724_rev3,295,295,1049,1049,0,0,invariant,invariant
spymemcached,37724_rev4,295,295,1049,1049,0,0,invariant,invariant
spymemcached,37725_rev1,295,295,1049,1050,0,1,invariant,negative
spymemcached,37725_rev2,295,295,1049,1050,0,1,invariant,negative
spymemcached,37725_rev3,295,295,1049,1050,0,1,invariant,negative
spymemcached,37725_rev4,295,295,1049,1050,0,1,invariant,negative
spymemcached,37725_rev5,295,297,1049,1057,2,8,negative,negative
spymemcached,37725_rev6,295,297,1049,1057,2,8,negative,negative
spymemcached,37725_rev7,295,297,1049,1057,2,8,negative,negative
spymemcached,37725_rev8,295,297,1049,1057,2,8,negative,negative
spymemcached,37839_rev1,297,297,1057,1057,0,0,invariant,invariant
spymemcached,37839_rev2,297,297,1057,1057,0,0,invariant,invariant
spymemcached,38358_rev1,297,297,1057,1057,0,0,invariant,invariant
spymemcached,38358_rev2,297,297,1057,1057,0,0,invariant,invariant
spymemcached,38359_rev1,297,297,1057,1057,0,0,invariant,invariant
spymemcached,38359_rev2,297,297,1057,1057,0,0,invariant,invariant
spymemcached,38669_rev1,297,297,1057,1057,0,0,invariant,invariant
spymemcached,38669_rev2,297,297,1057,1057,0,0,invariant,invariant
spymemcached,38669_rev3,297,297,1057,1057,0,0,invariant,invariant
spymemcached,42925_rev1,297,297,1057,1057,0,0,invariant,invariant
spymemcached,42925_rev2,297,297,1057,1057,0,0,invariant,invariant
spymemcached,43040_rev1,297,297,1057,1057,0,0,invariant,invariant
spymemcached,43040_rev2,297,297,1057,1057,0,0,invariant,invariant
spymemcached,44144_rev1,297,297,1057,1057,0,0,invariant,invariant
spymemcached,44144_rev2,297,297,1057,1057,0,0,invariant,invariant
spymemcached,44144_rev3,297,297,1057,1057,0,0,invariant,invariant
spymemcached,44144_rev4,297,297,1057,1057,0,0,invariant,invariant
spymemcached,44176_rev1,297,297,1057,1057,0,0,invariant,invariant
spymemcached,44176_rev2,297,299,1057,1057,2,0,negative,invariant
spymemcached,44176_rev3,297,299,1057,1058,2,1,negative,negative
spymemcached,44565_rev1,297,297,1057,1057,0,0,invariant,invariant
spymemcached,44565_rev2,297,297,1057,1057,0,0,invariant,invariant
spymemcached,44565_rev3,297,297,1057,1057,0,0,invariant,invariant
spymemcached,45129_rev1,297,297,1057,1057,0,0,invariant,invariant
spymemcached,45129_rev2,297,297,1057,1057,0,0,invariant,invariant
spymemcached,45131_rev1,297,297,1057,1057,0,0,invariant,invariant
spymemcached,45131_rev2,297,297,1057,1057,0,0,invariant,invariant
spymemcached,45554_rev1,297,297,1057,1057,0,0,invariant,invariant
spymemcached,45554_rev2,297,297,1057,1057,0,0,invariant,invariant
spymemcached,47624_rev1,297,297,1057,1085,0,28,invariant,negative
spymemcached,47624_rev2,297,298,1057,1087,1,30,negative,negative
spymemcached,47624_rev3,297,297,1057,1091,0,34,invariant,negative
spymemcached,47624_rev4,297,297,1057,1091,0,34,invariant,negative
spymemcached,47624_rev5,297,297,1057,1091,0,34,invariant,negative
spymemcached,47624_rev6,297,297,1057,1078,0,21,invariant,negative
spymemcached,47624_rev7,295,295,1057,1078,0,21,invariant,negative
spymemcached,48015_rev1,297,298,1085,1087,1,2,negative,negative
spymemcached,48076_rev1,297,295,1057,1057,-2,0,positive,invariant
spymemcached,48076_rev2,297,295,1057,1057,-2,0,positive,invariant
spymemcached,51546_rev1,295,295,1078,1078,0,0,invariant,invariant
spymemcached,51546_rev2,295,295,1078,1078,0,0,invariant,invariant
spymemcached,51546_rev3,295,295,1078,1078,0,0,invariant,invariant
spymemcached,58266_rev1,295,295,1078,1078,0,0,invariant,invariant
spymemcached,58266_rev2,295,295,1078,1078,0,0,invariant,invariant
spymemcached,58266_rev3,295,295,1078,1078,0,0,invariant,invariant
spymemcached,61927_rev1,295,296,1078,1083,1,5,negative,negative
spymemcached,61927_rev2,295,296,1078,1083,1,5,negative,negative
spymemcached,61927_rev3,295,296,1078,1083,1,5,negative,negative
spymemcached,69938_rev1,296,296,1083,1084,0,1,invariant,negative
spymemcached,69938_rev2,296,296,1082,1083,0,1,invariant,negative
spymemcached,69938_rev3,296,296,1082,1083,0,1,invariant,negative
spymemcached,69938_rev4,296,296,1082,1083,0,1,invariant,negative
spymemcached,72269_rev1,296,296,1083,1083,0,0,invariant,invariant
spymemcached,72270_rev1,296,296,1083,1083,0,0,invariant,invariant
spymemcached,72270_rev2,296,296,1083,1083,0,0,invariant,invariant
spymemcached,72270_rev3,296,296,1083,1083,0,0,invariant,invariant
spymemcached,75116_rev1,296,296,1083,1082,0,-1,invariant,positive
spymemcached,75116_rev2,296,296,1083,1082,0,-1,invariant,positive
spymemcached,76567_rev1,296,296,1083,1083,0,0,invariant,invariant
spymemcached,76567_rev2,296,296,1083,1083,0,0,invariant,invariant
spymemcached,76567_rev3,296,296,1083,1083,0,0,invariant,invariant
spymemcached,81810_rev1,296,296,1083,1083,0,0,invariant,invariant
spymemcached,81810_rev2,296,296,1083,1083,0,0,invariant,invariant
